merchant_id,signup_date,country,plan_type,industry,churned,churn_date
M00001,13-04-2023,Australia,Basic,Food,Yes,14-06-2023
M00002,11-03-2024,India,Shopify,Food,Yes,11-06-2024
M00003,28-09-2023,US,Basic,Beauty,No,
M00004,17-04-2023,India,Shopify,Food,No,
M00005,13-03-2023,Canada,Basic,Beauty,No,
M00006,01-12-2024,Australia,Basic,Home,No,
M00007,21-01-2023,Australia,Basic,Fashion,Yes,06-03-2023
M00008,06-09-2024,India,Basic,Food,No,
M00009,02-05-2023,Australia,Shopify,Beauty,No,
M00010,11-04-2024,Canada,Basic,Home,No,
M00011,03-08-2023,Australia,Basic,Food,Yes,28-05-2024
M00012,27-11-2023,India,Advanced,Electronics,No,
M00013,03-04-2024,Canada,Advanced,Home,No,
M00014,29-03-2023,India,Basic,Food,No,
M00015,08-01-2024,Australia,Basic,Home,No,
M00016,10-04-2023,India,Shopify,Fashion,No,
M00017,25-10-2024,India,Basic,Fashion,No,
M00018,11-05-2023,US,Basic,Fashion,No,
M00019,23-10-2024,Australia,Basic,Electronics,Yes,22-03-2025
M00020,05-11-2023,Australia,Shopify,Fashion,No,
M00021,10-12-2023,India,Shopify,Electronics,No,
M00022,06-05-2024,US,Basic,Fashion,Yes,07-10-2024
M00023,18-02-2024,Australia,Basic,Home,Yes,13-04-2024
M00024,21-01-2024,Canada,Basic,Food,No,
M00025,11-07-2023,India,Shopify,Food,No,
M00026,04-10-2023,Australia,Basic,Fashion,No,
M00027,10-06-2023,Canada,Basic,Food,No,
M00028,04-04-2024,Australia,Shopify,Fashion,Yes,25-01-2025
M00029,10-11-2023,Canada,Basic,Fashion,Yes,13-01-2024
M00030,22-01-2023,India,Shopify,Beauty,No,
M00031,10-09-2023,Australia,Basic,Beauty,Yes,08-06-2024
M00032,14-07-2024,Australia,Basic,Beauty,No,
M00033,19-04-2024,US,Basic,Electronics,No,
M00034,28-02-2023,India,Shopify,Beauty,Yes,19-01-2024
M00035,25-05-2024,Canada,Advanced,Fashion,No,
M00036,12-11-2024,Australia,Shopify,Home,Yes,23-08-2025
M00037,20-04-2024,Australia,Basic,Beauty,No,
M00038,30-11-2024,Canada,Shopify,Beauty,Yes,27-04-2025
M00039,09-07-2023,India,Basic,Home,No,
M00040,17-11-2024,US,Basic,Fashion,Yes,23-07-2025
M00041,16-07-2024,US,Advanced,Electronics,No,
M00042,20-07-2024,Australia,Basic,Beauty,No,
M00043,01-09-2023,Canada,Basic,Home,Yes,21-01-2024
M00044,19-05-2024,Australia,Basic,Fashion,No,
M00045,11-05-2023,Canada,Basic,Food,Yes,06-09-2023
M00046,29-04-2024,US,Basic,Electronics,No,
M00047,08-10-2024,India,Shopify,Home,Yes,03-07-2025
M00048,21-01-2023,Canada,Basic,Home,No,
M00049,16-06-2023,US,Advanced,Home,No,
M00050,01-10-2023,Australia,Shopify,Beauty,No,
M00051,23-01-2024,Canada,Basic,Food,Yes,11-05-2024
M00052,23-08-2024,India,Basic,Electronics,No,
M00053,12-11-2023,Australia,Basic,Fashion,Yes,28-10-2024
M00054,14-01-2023,Australia,Shopify,Fashion,No,
M00055,30-08-2023,US,Basic,Food,No,
M00056,12-12-2023,Canada,Shopify,Home,Yes,30-07-2024
M00057,18-07-2024,Australia,Basic,Home,No,
M00058,06-12-2023,India,Shopify,Home,Yes,19-02-2024
M00059,02-04-2023,Canada,Basic,Home,No,
M00060,02-01-2024,India,Basic,Home,No,
M00061,30-03-2024,Australia,Advanced,Food,No,
M00062,03-03-2024,India,Shopify,Beauty,No,
M00063,23-05-2024,US,Basic,Electronics,Yes,01-03-2025
M00064,04-02-2023,India,Advanced,Home,No,
M00065,25-07-2023,Canada,Basic,Beauty,Yes,05-04-2024
M00066,22-03-2023,India,Advanced,Fashion,No,
M00067,15-07-2024,India,Shopify,Food,No,
M00068,23-01-2024,US,Basic,Beauty,No,
M00069,02-01-2023,India,Basic,Home,Yes,29-01-2023
M00070,25-01-2024,India,Basic,Home,Yes,04-07-2024
M00071,19-07-2024,Australia,Basic,Home,Yes,30-03-2025
M00072,16-04-2023,Australia,Shopify,Beauty,Yes,28-07-2023
M00073,21-04-2024,Canada,Basic,Home,Yes,08-08-2024
M00074,03-12-2024,Australia,Basic,Beauty,No,
M00075,06-02-2024,Australia,Shopify,Home,No,
M00076,30-12-2024,Australia,Advanced,Fashion,No,
M00077,09-07-2024,Australia,Basic,Fashion,No,
M00078,11-06-2023,US,Basic,Electronics,Yes,05-05-2024
M00079,21-07-2023,Australia,Basic,Home,No,
M00080,27-09-2023,US,Basic,Home,Yes,30-07-2024
M00081,28-09-2023,US,Advanced,Beauty,No,
M00082,31-03-2024,Australia,Basic,Beauty,No,
M00083,06-04-2024,India,Shopify,Home,No,
M00084,27-12-2024,US,Basic,Electronics,No,
M00085,09-09-2023,India,Shopify,Home,Yes,18-10-2023
M00086,02-12-2024,India,Shopify,Beauty,No,
M00087,23-10-2023,Australia,Shopify,Home,No,
M00088,25-12-2024,Canada,Basic,Beauty,Yes,07-10-2025
M00089,20-12-2024,Australia,Basic,Home,No,
M00090,04-12-2023,Canada,Basic,Food,No,
M00091,22-02-2023,Canada,Advanced,Beauty,No,
M00092,05-08-2023,Australia,Advanced,Electronics,Yes,01-02-2024
M00093,07-07-2023,Australia,Shopify,Food,No,
M00094,15-01-2024,Canada,Shopify,Home,Yes,05-10-2024
M00095,07-05-2024,Australia,Shopify,Beauty,No,
M00096,10-02-2023,Canada,Basic,Food,Yes,22-05-2023
M00097,06-06-2023,India,Advanced,Electronics,Yes,09-11-2023
M00098,15-01-2023,Australia,Basic,Beauty,Yes,12-06-2023
M00099,06-03-2023,India,Basic,Food,No,
M00100,04-06-2024,US,Basic,Food,Yes,24-03-2025
M00101,10-12-2023,India,Basic,Food,Yes,28-04-2024
M00102,09-05-2023,India,Basic,Fashion,Yes,03-04-2024
M00103,09-10-2024,Canada,Shopify,Home,No,
M00104,16-04-2024,India,Basic,Beauty,No,
M00105,04-03-2023,Australia,Shopify,Beauty,No,
M00106,19-05-2023,Canada,Basic,Beauty,Yes,21-10-2023
M00107,13-05-2024,US,Basic,Food,Yes,07-09-2024
M00108,15-08-2024,Australia,Basic,Home,Yes,12-04-2025
M00109,27-01-2024,US,Basic,Electronics,Yes,13-04-2024
M00110,05-11-2024,India,Shopify,Beauty,No,
M00111,23-02-2024,Australia,Basic,Home,Yes,27-12-2024
M00112,16-10-2023,Australia,Shopify,Home,No,
M00113,14-01-2024,US,Basic,Fashion,Yes,29-11-2024
M00114,04-05-2024,Australia,Shopify,Beauty,No,
M00115,19-08-2023,Australia,Advanced,Food,No,
M00116,10-02-2023,Australia,Shopify,Home,No,
M00117,28-01-2023,India,Basic,Home,No,
M00118,15-05-2023,US,Basic,Electronics,No,
M00119,20-07-2023,Australia,Basic,Fashion,No,
M00120,02-02-2023,Canada,Shopify,Home,No,
M00121,17-02-2023,Canada,Basic,Home,No,
M00122,17-05-2024,Canada,Basic,Food,No,
M00123,11-02-2024,Canada,Shopify,Food,No,
M00124,27-07-2024,India,Basic,Electronics,Yes,21-04-2025
M00125,28-12-2024,Australia,Shopify,Electronics,No,
M00126,09-04-2023,US,Basic,Electronics,Yes,20-10-2023
M00127,14-11-2024,Australia,Basic,Food,Yes,07-01-2025
M00128,26-12-2024,India,Shopify,Food,No,
M00129,30-06-2024,Canada,Basic,Fashion,Yes,04-04-2025
M00130,04-09-2024,India,Shopify,Beauty,No,
M00131,06-04-2024,Australia,Basic,Beauty,Yes,26-10-2024
M00132,04-10-2024,US,Basic,Fashion,No,
M00133,05-01-2023,India,Shopify,Beauty,No,
M00134,06-08-2023,US,Shopify,Food,No,
M00135,17-05-2024,India,Shopify,Beauty,No,
M00136,02-02-2024,US,Basic,Food,No,
M00137,28-01-2024,US,Shopify,Fashion,No,
M00138,26-07-2023,Canada,Basic,Electronics,No,
M00139,15-01-2023,US,Basic,Fashion,Yes,06-02-2023
M00140,07-07-2024,Canada,Advanced,Beauty,No,
M00141,05-04-2024,Australia,Basic,Food,No,
M00142,21-11-2024,Australia,Advanced,Beauty,No,
M00143,28-07-2024,Canada,Basic,Beauty,No,
M00144,29-08-2023,Canada,Basic,Electronics,No,
M00145,17-07-2024,India,Basic,Beauty,Yes,12-11-2024
M00146,06-04-2023,India,Advanced,Electronics,Yes,01-12-2023
M00147,29-04-2024,India,Shopify,Food,No,
M00148,11-02-2024,Australia,Shopify,Food,No,
M00149,19-08-2023,India,Shopify,Electronics,No,
M00150,16-10-2024,US,Shopify,Fashion,No,
M00151,20-06-2023,US,Shopify,Food,No,
M00152,24-06-2024,India,Basic,Fashion,No,
M00153,05-02-2023,US,Basic,Food,No,
M00154,08-06-2024,Australia,Basic,Food,Yes,26-07-2024
M00155,09-06-2023,US,Advanced,Home,No,
M00156,29-11-2024,Australia,Advanced,Beauty,No,
M00157,31-08-2023,Canada,Basic,Beauty,Yes,07-05-2024
M00158,27-03-2023,Canada,Shopify,Fashion,Yes,24-11-2023
M00159,31-07-2024,Canada,Advanced,Beauty,Yes,18-02-2025
M00160,12-11-2024,Canada,Basic,Fashion,No,
M00161,10-07-2024,US,Shopify,Food,No,
M00162,27-07-2024,India,Advanced,Home,No,
M00163,07-10-2024,US,Basic,Home,Yes,30-08-2025
M00164,28-01-2023,Australia,Shopify,Food,No,
M00165,11-09-2024,US,Basic,Electronics,No,
M00166,09-07-2024,US,Advanced,Electronics,Yes,14-08-2024
M00167,06-12-2023,Australia,Advanced,Beauty,No,
M00168,27-11-2023,Canada,Advanced,Fashion,Yes,18-11-2024
M00169,01-10-2024,Canada,Basic,Home,No,
M00170,20-05-2024,Canada,Advanced,Beauty,No,
M00171,14-12-2023,India,Shopify,Food,No,
M00172,17-04-2024,Australia,Basic,Home,No,
M00173,19-08-2023,Australia,Shopify,Fashion,No,
M00174,09-07-2023,US,Basic,Fashion,No,
M00175,13-08-2023,India,Shopify,Electronics,No,
M00176,20-01-2024,Canada,Basic,Beauty,Yes,14-03-2024
M00177,12-01-2024,India,Basic,Food,Yes,17-07-2024
M00178,10-10-2023,Australia,Basic,Home,No,
M00179,24-09-2024,Australia,Shopify,Fashion,No,
M00180,19-09-2024,US,Basic,Home,No,
M00181,16-09-2023,US,Shopify,Food,Yes,27-03-2024
M00182,25-12-2023,Australia,Basic,Home,No,
M00183,10-12-2024,Canada,Basic,Beauty,Yes,20-03-2025
M00184,31-03-2024,Canada,Basic,Electronics,No,
M00185,15-02-2024,India,Shopify,Home,No,
M00186,10-10-2024,Australia,Basic,Electronics,No,
M00187,14-11-2023,Australia,Shopify,Food,Yes,09-04-2024
M00188,07-11-2024,Canada,Advanced,Electronics,No,
M00189,13-08-2023,Canada,Shopify,Home,No,
M00190,22-08-2023,Australia,Basic,Home,No,
M00191,14-11-2024,US,Basic,Fashion,No,
M00192,25-10-2024,Australia,Advanced,Home,No,
M00193,09-01-2024,Australia,Basic,Electronics,No,
M00194,02-11-2024,Canada,Advanced,Fashion,No,
M00195,30-08-2024,Canada,Basic,Home,Yes,26-09-2024
M00196,16-04-2024,US,Advanced,Home,No,
M00197,21-08-2023,US,Shopify,Food,No,
M00198,22-11-2024,India,Advanced,Fashion,No,
M00199,23-04-2023,Australia,Basic,Food,Yes,04-06-2023
M00200,11-05-2024,Canada,Shopify,Food,No,
M00201,17-03-2024,US,Basic,Food,Yes,23-06-2024
M00202,17-07-2024,India,Basic,Beauty,No,
M00203,25-09-2023,India,Shopify,Food,Yes,22-08-2024
M00204,24-05-2024,Canada,Advanced,Electronics,No,
M00205,21-01-2024,Canada,Advanced,Home,No,
M00206,22-01-2024,India,Shopify,Beauty,No,
M00207,23-04-2023,US,Basic,Food,No,
M00208,04-09-2024,India,Basic,Home,No,
M00209,16-09-2024,Australia,Shopify,Fashion,No,
M00210,22-03-2023,Australia,Basic,Fashion,Yes,13-03-2024
M00211,29-11-2024,Canada,Basic,Home,Yes,19-09-2025
M00212,23-04-2023,US,Basic,Electronics,Yes,25-01-2024
M00213,02-01-2023,US,Basic,Home,No,
M00214,03-10-2024,Australia,Basic,Home,Yes,01-04-2025
M00215,08-08-2023,India,Basic,Beauty,Yes,10-06-2024
M00216,19-07-2024,Canada,Basic,Fashion,No,
M00217,13-08-2023,India,Basic,Fashion,No,
M00218,20-01-2024,India,Advanced,Food,No,
M00219,07-02-2024,India,Basic,Home,Yes,29-04-2024
M00220,29-09-2024,US,Basic,Home,Yes,27-05-2025
M00221,10-05-2023,Australia,Shopify,Electronics,No,
M00222,22-02-2023,US,Basic,Fashion,Yes,25-08-2023
M00223,14-11-2024,Australia,Advanced,Electronics,No,
M00224,30-12-2024,Canada,Shopify,Beauty,No,
M00225,02-11-2024,Canada,Basic,Food,No,
M00226,10-12-2024,India,Basic,Electronics,Yes,20-03-2025
M00227,20-02-2024,Australia,Advanced,Fashion,No,
M00228,04-09-2023,Australia,Advanced,Beauty,No,
M00229,14-03-2024,Australia,Basic,Home,No,
M00230,22-07-2023,India,Shopify,Beauty,No,
M00231,03-07-2023,India,Basic,Electronics,Yes,27-11-2023
M00232,03-05-2023,Canada,Advanced,Fashion,No,
M00233,05-02-2024,US,Basic,Electronics,No,
M00234,21-10-2023,Australia,Advanced,Home,No,
M00235,07-10-2023,Australia,Shopify,Home,No,
M00236,01-09-2024,US,Shopify,Fashion,No,
M00237,17-07-2023,Australia,Basic,Food,No,
M00238,25-05-2024,India,Basic,Beauty,No,
M00239,24-05-2023,India,Basic,Beauty,No,
M00240,31-08-2024,Australia,Basic,Home,Yes,11-03-2025
M00241,20-07-2023,India,Basic,Electronics,No,
M00242,04-05-2023,India,Shopify,Electronics,Yes,25-04-2024
M00243,06-07-2023,Australia,Basic,Food,No,
M00244,22-11-2023,Canada,Basic,Electronics,No,
M00245,08-04-2024,US,Advanced,Beauty,No,
M00246,15-12-2023,India,Advanced,Electronics,No,
M00247,21-10-2024,Canada,Advanced,Food,No,
M00248,07-02-2024,India,Advanced,Beauty,Yes,30-10-2024
M00249,12-12-2023,India,Basic,Electronics,No,
M00250,25-05-2024,US,Basic,Beauty,Yes,23-06-2024
M00251,27-05-2023,India,Shopify,Home,No,
M00252,28-05-2023,US,Shopify,Home,No,
M00253,11-12-2024,US,Basic,Home,No,
M00254,03-05-2024,US,Shopify,Electronics,No,
M00255,01-10-2024,Canada,Basic,Food,Yes,26-05-2025
M00256,04-07-2024,Australia,Basic,Beauty,Yes,04-02-2025
M00257,04-12-2023,Canada,Basic,Fashion,No,
M00258,02-10-2024,Australia,Shopify,Home,No,
M00259,17-04-2024,Australia,Shopify,Home,Yes,16-08-2024
M00260,31-05-2023,US,Basic,Fashion,No,
M00261,19-02-2024,India,Advanced,Fashion,No,
M00262,25-10-2023,US,Basic,Electronics,Yes,15-07-2024
M00263,02-09-2024,India,Basic,Beauty,Yes,14-12-2024
M00264,20-09-2023,Australia,Advanced,Home,Yes,06-02-2024
M00265,24-05-2023,US,Advanced,Food,No,
M00266,12-12-2023,India,Advanced,Electronics,No,
M00267,15-09-2024,Canada,Shopify,Electronics,No,
M00268,25-07-2024,India,Shopify,Food,No,
M00269,02-01-2023,US,Shopify,Food,Yes,09-05-2023
M00270,31-10-2023,Canada,Basic,Food,No,
M00271,11-09-2023,India,Basic,Fashion,No,
M00272,13-10-2024,India,Basic,Home,Yes,13-03-2025
M00273,28-03-2024,India,Basic,Fashion,No,
M00274,06-02-2023,India,Shopify,Home,No,
M00275,09-06-2023,India,Basic,Fashion,No,
M00276,09-01-2023,Canada,Basic,Beauty,No,
M00277,21-08-2023,Australia,Basic,Home,Yes,08-05-2024
M00278,09-04-2023,Canada,Shopify,Electronics,Yes,06-10-2023
M00279,20-10-2024,Canada,Basic,Home,No,
M00280,27-07-2023,Canada,Advanced,Home,No,
M00281,11-05-2023,Australia,Basic,Home,No,
M00282,08-02-2024,US,Basic,Beauty,No,
M00283,01-06-2023,Australia,Shopify,Fashion,No,
M00284,23-02-2023,Canada,Shopify,Electronics,No,
M00285,30-04-2023,India,Basic,Fashion,No,
M00286,03-11-2024,India,Shopify,Fashion,No,
M00287,19-09-2024,Canada,Shopify,Food,No,
M00288,09-08-2024,India,Basic,Beauty,Yes,20-01-2025
M00289,16-09-2024,Canada,Advanced,Food,No,
M00290,24-02-2024,India,Shopify,Beauty,No,
M00291,26-02-2024,Australia,Shopify,Fashion,Yes,17-02-2025
M00292,14-04-2023,US,Advanced,Fashion,No,
M00293,11-09-2023,US,Advanced,Beauty,No,
M00294,15-08-2023,Australia,Shopify,Fashion,No,
M00295,22-04-2023,Australia,Shopify,Fashion,No,
M00296,24-05-2024,Canada,Shopify,Electronics,Yes,14-08-2024
M00297,17-04-2024,Canada,Shopify,Food,No,
M00298,09-04-2023,Canada,Shopify,Food,No,
M00299,02-06-2023,India,Shopify,Food,Yes,23-01-2024
M00300,04-12-2023,Canada,Basic,Home,No,
M00301,06-12-2024,Australia,Advanced,Electronics,No,
M00302,12-06-2023,US,Advanced,Food,No,
M00303,20-12-2024,India,Basic,Food,No,
M00304,11-11-2024,Canada,Shopify,Electronics,No,
M00305,10-06-2023,India,Basic,Fashion,No,
M00306,02-08-2024,India,Basic,Food,Yes,14-05-2025
M00307,02-02-2024,Canada,Shopify,Fashion,No,
M00308,04-10-2023,India,Basic,Food,No,
M00309,18-05-2024,US,Shopify,Beauty,No,
M00310,27-01-2024,Australia,Shopify,Home,No,
M00311,15-05-2023,Australia,Basic,Food,No,
M00312,14-07-2023,US,Basic,Beauty,No,
M00313,05-02-2024,India,Basic,Electronics,No,
M00314,01-10-2024,Canada,Shopify,Beauty,No,
M00315,02-02-2023,India,Advanced,Electronics,No,
M00316,18-11-2024,US,Shopify,Food,No,
M00317,04-04-2024,India,Basic,Electronics,No,
M00318,14-04-2024,Australia,Shopify,Beauty,No,
M00319,10-01-2024,India,Basic,Home,No,
M00320,22-01-2023,US,Shopify,Fashion,No,
M00321,31-10-2024,Australia,Basic,Fashion,Yes,01-10-2025
M00322,07-02-2023,India,Shopify,Home,No,
M00323,18-08-2023,India,Basic,Fashion,No,
M00324,31-12-2023,Australia,Advanced,Food,No,
M00325,16-07-2024,Canada,Basic,Food,No,
M00326,13-03-2024,Australia,Shopify,Beauty,No,
M00327,10-10-2023,Canada,Advanced,Beauty,No,
M00328,27-01-2023,US,Basic,Electronics,No,
M00329,14-08-2023,US,Advanced,Beauty,No,
M00330,04-10-2023,Australia,Shopify,Food,Yes,23-08-2024
M00331,31-08-2024,Australia,Basic,Beauty,No,
M00332,11-10-2023,US,Basic,Fashion,Yes,14-11-2023
M00333,25-04-2024,Canada,Shopify,Electronics,No,
M00334,28-03-2024,US,Basic,Electronics,No,
M00335,20-10-2024,Australia,Shopify,Food,No,
M00336,30-05-2024,US,Basic,Beauty,No,
M00337,30-06-2024,Australia,Shopify,Fashion,No,
M00338,11-07-2023,Australia,Basic,Beauty,Yes,09-05-2024
M00339,18-02-2023,US,Advanced,Home,Yes,12-06-2023
M00340,26-05-2024,Canada,Advanced,Beauty,No,
M00341,17-01-2023,India,Advanced,Food,No,
M00342,21-06-2023,US,Shopify,Beauty,Yes,13-03-2024
M00343,08-08-2023,India,Basic,Electronics,No,
M00344,07-06-2023,US,Shopify,Fashion,Yes,06-09-2023
M00345,21-04-2024,India,Basic,Food,No,
M00346,15-02-2023,Canada,Basic,Home,Yes,14-07-2023
M00347,08-01-2024,Canada,Basic,Fashion,Yes,13-07-2024
M00348,01-06-2024,US,Basic,Fashion,Yes,02-01-2025
M00349,09-04-2023,Australia,Shopify,Electronics,No,
M00350,06-02-2023,India,Shopify,Electronics,No,
M00351,07-10-2023,Australia,Basic,Electronics,No,
M00352,15-12-2023,Australia,Basic,Food,No,
M00353,11-05-2024,Australia,Advanced,Beauty,No,
M00354,29-10-2023,Canada,Basic,Fashion,Yes,16-06-2024
M00355,30-06-2023,US,Basic,Beauty,No,
M00356,29-08-2024,US,Basic,Beauty,No,
M00357,09-04-2023,Canada,Shopify,Electronics,No,
M00358,30-11-2024,Canada,Shopify,Beauty,No,
M00359,26-04-2023,US,Basic,Fashion,No,
M00360,10-07-2023,Australia,Basic,Fashion,Yes,17-02-2024
M00361,10-09-2023,India,Shopify,Home,No,
M00362,10-06-2023,India,Shopify,Food,Yes,06-09-2023
M00363,13-09-2023,India,Basic,Beauty,No,
M00364,19-11-2023,Australia,Advanced,Food,No,
M00365,08-05-2023,US,Basic,Food,No,
M00366,18-01-2023,Canada,Basic,Food,No,
M00367,19-07-2024,US,Advanced,Food,No,
M00368,23-07-2024,Australia,Basic,Fashion,No,
M00369,19-11-2023,Canada,Shopify,Beauty,No,
M00370,16-11-2024,Australia,Basic,Home,No,
M00371,17-09-2024,India,Basic,Food,No,
M00372,15-10-2023,India,Advanced,Home,No,
M00373,24-10-2024,Australia,Basic,Fashion,No,
M00374,30-09-2024,Canada,Advanced,Fashion,No,
M00375,04-06-2023,Canada,Basic,Electronics,No,
M00376,04-05-2024,US,Basic,Food,No,
M00377,21-01-2024,India,Basic,Electronics,Yes,15-02-2024
M00378,14-04-2023,US,Shopify,Home,Yes,09-02-2024
M00379,28-01-2024,US,Basic,Beauty,Yes,24-10-2024
M00380,03-09-2023,Australia,Advanced,Electronics,Yes,29-09-2023
M00381,25-06-2023,Australia,Basic,Fashion,No,
M00382,08-02-2023,US,Advanced,Food,No,
M00383,21-04-2024,India,Basic,Home,No,
M00384,12-11-2024,Australia,Advanced,Fashion,No,
M00385,21-06-2024,US,Shopify,Beauty,Yes,21-09-2024
M00386,12-02-2024,US,Shopify,Food,No,
M00387,08-06-2024,US,Shopify,Beauty,No,
M00388,20-05-2024,US,Shopify,Beauty,No,
M00389,05-02-2023,US,Shopify,Food,No,
M00390,15-11-2024,US,Basic,Food,No,
M00391,20-01-2023,Australia,Basic,Beauty,No,
M00392,17-11-2023,India,Advanced,Home,No,
M00393,26-05-2024,US,Shopify,Food,Yes,28-11-2024
M00394,04-02-2024,Canada,Shopify,Fashion,Yes,24-05-2024
M00395,15-10-2024,Australia,Basic,Electronics,No,
M00396,15-04-2024,Australia,Basic,Home,No,
M00397,23-05-2023,US,Basic,Food,No,
M00398,02-04-2023,Australia,Shopify,Food,No,
M00399,20-12-2023,US,Basic,Home,No,
M00400,27-12-2024,India,Basic,Electronics,Yes,12-11-2025
M00401,20-02-2023,India,Basic,Beauty,No,
M00402,26-10-2024,Australia,Basic,Fashion,No,
M00403,28-11-2024,Australia,Shopify,Food,Yes,11-09-2025
M00404,28-07-2024,Canada,Basic,Electronics,No,
M00405,09-07-2023,Australia,Shopify,Fashion,No,
M00406,05-05-2023,Canada,Basic,Home,No,
M00407,30-05-2023,India,Basic,Food,No,
M00408,10-11-2023,India,Basic,Beauty,Yes,21-05-2024
M00409,23-07-2024,US,Basic,Home,No,
M00410,08-12-2023,India,Basic,Food,No,
M00411,01-11-2023,Canada,Basic,Electronics,No,
M00412,22-11-2024,Australia,Shopify,Fashion,No,
M00413,12-11-2024,US,Basic,Fashion,No,
M00414,23-02-2023,Canada,Shopify,Food,No,
M00415,19-03-2024,Australia,Advanced,Home,No,
M00416,04-09-2024,US,Shopify,Beauty,No,
M00417,21-09-2023,India,Basic,Electronics,Yes,08-12-2023
M00418,22-02-2023,Canada,Basic,Food,No,
M00419,25-07-2024,Australia,Basic,Electronics,Yes,18-12-2024
M00420,11-09-2024,US,Basic,Fashion,No,
M00421,05-01-2023,US,Advanced,Beauty,No,
M00422,13-04-2023,India,Basic,Electronics,Yes,04-04-2024
M00423,15-07-2023,Australia,Basic,Food,Yes,26-04-2024
M00424,16-12-2023,India,Shopify,Beauty,No,
M00425,16-02-2023,India,Shopify,Home,No,
M00426,17-10-2024,Australia,Shopify,Food,No,
M00427,26-09-2023,Australia,Basic,Electronics,No,
M00428,05-01-2024,Australia,Basic,Beauty,No,
M00429,27-09-2024,Canada,Basic,Food,No,
M00430,16-04-2023,Australia,Basic,Beauty,No,
M00431,31-10-2024,US,Basic,Beauty,No,
M00432,20-10-2024,India,Basic,Beauty,Yes,18-09-2025
M00433,18-10-2024,Canada,Basic,Electronics,No,
M00434,30-04-2023,Australia,Basic,Food,No,
M00435,26-08-2024,Canada,Basic,Fashion,No,
M00436,27-02-2023,Australia,Shopify,Fashion,No,
M00437,12-12-2023,Canada,Shopify,Electronics,Yes,22-11-2024
M00438,18-04-2024,India,Shopify,Electronics,No,
M00439,27-04-2023,India,Basic,Beauty,No,
M00440,07-05-2023,US,Basic,Food,No,
M00441,28-01-2024,US,Basic,Food,No,
M00442,02-10-2024,Australia,Shopify,Home,Yes,22-09-2025
M00443,27-02-2023,India,Shopify,Home,No,
M00444,25-09-2024,Canada,Basic,Fashion,No,
M00445,27-05-2024,Canada,Advanced,Home,No,
M00446,06-04-2023,Canada,Basic,Home,Yes,07-08-2023
M00447,29-09-2024,US,Basic,Fashion,No,
M00448,28-04-2023,Canada,Shopify,Fashion,No,
M00449,13-07-2024,US,Advanced,Home,Yes,26-04-2025
M00450,23-08-2024,US,Shopify,Food,No,
M00451,02-05-2024,Australia,Shopify,Home,No,
M00452,25-08-2023,Canada,Basic,Beauty,Yes,23-02-2024
M00453,29-09-2023,Canada,Shopify,Beauty,No,
M00454,08-07-2023,India,Basic,Beauty,No,
M00455,04-12-2024,Australia,Advanced,Electronics,No,
M00456,22-03-2024,India,Basic,Beauty,No,
M00457,03-08-2024,Australia,Shopify,Food,No,
M00458,04-09-2023,Canada,Basic,Electronics,Yes,16-03-2024
M00459,17-03-2023,US,Shopify,Electronics,No,
M00460,03-06-2023,US,Basic,Beauty,No,
M00461,17-10-2024,US,Shopify,Home,No,
M00462,10-03-2024,US,Basic,Fashion,No,
M00463,27-03-2023,US,Basic,Home,Yes,07-06-2023
M00464,27-11-2024,India,Basic,Home,No,
M00465,12-10-2023,Australia,Basic,Electronics,No,
M00466,08-08-2023,Canada,Advanced,Electronics,No,
M00467,10-03-2023,India,Basic,Electronics,No,
M00468,16-02-2023,Australia,Advanced,Food,No,
M00469,04-04-2023,US,Basic,Food,No,
M00470,28-03-2024,Australia,Basic,Fashion,Yes,29-06-2024
M00471,23-07-2023,Australia,Shopify,Electronics,No,
M00472,06-08-2023,US,Shopify,Beauty,No,
M00473,18-04-2024,US,Basic,Electronics,Yes,02-07-2024
M00474,07-03-2024,US,Shopify,Food,No,
M00475,07-12-2023,Canada,Shopify,Electronics,Yes,20-04-2024
M00476,04-07-2024,US,Basic,Food,Yes,10-02-2025
M00477,03-09-2024,Canada,Advanced,Electronics,Yes,21-10-2024
M00478,16-10-2023,US,Advanced,Beauty,No,
M00479,11-09-2023,Canada,Shopify,Fashion,Yes,04-12-2023
M00480,23-12-2023,Australia,Basic,Beauty,No,
M00481,23-01-2023,India,Shopify,Food,No,
M00482,05-06-2024,Australia,Basic,Home,Yes,06-07-2024
M00483,10-04-2023,Australia,Basic,Beauty,Yes,14-05-2023
M00484,29-06-2023,US,Basic,Electronics,No,
M00485,11-08-2023,Canada,Basic,Fashion,No,
M00486,20-10-2024,India,Advanced,Electronics,No,
M00487,17-03-2024,US,Shopify,Electronics,No,
M00488,30-08-2024,US,Shopify,Beauty,No,
M00489,21-11-2023,US,Basic,Fashion,Yes,15-10-2024
M00490,30-05-2024,Australia,Basic,Home,Yes,21-08-2024
M00491,16-01-2023,Canada,Basic,Electronics,No,
M00492,02-12-2023,Canada,Advanced,Fashion,No,
M00493,15-09-2023,India,Basic,Home,No,
M00494,11-05-2024,Canada,Advanced,Electronics,No,
M00495,09-06-2023,Canada,Shopify,Fashion,No,
M00496,19-04-2024,US,Basic,Beauty,Yes,04-12-2024
M00497,25-10-2024,US,Shopify,Electronics,Yes,18-04-2025
M00498,20-11-2024,Australia,Basic,Electronics,No,
M00499,05-11-2024,US,Advanced,Fashion,No,
M00500,15-01-2024,US,Advanced,Electronics,No,
M00501,28-06-2024,US,Basic,Home,No,
M00502,21-11-2024,US,Basic,Electronics,Yes,17-03-2025
M00503,02-03-2024,Australia,Shopify,Food,Yes,08-10-2024
M00504,04-09-2024,US,Advanced,Home,Yes,10-02-2025
M00505,25-09-2023,India,Basic,Fashion,Yes,05-12-2023
M00506,30-07-2024,India,Shopify,Home,Yes,04-11-2024
M00507,21-02-2024,India,Shopify,Food,Yes,30-11-2024
M00508,17-06-2023,India,Shopify,Food,No,
M00509,12-02-2023,US,Basic,Electronics,Yes,01-09-2023
M00510,09-07-2024,India,Shopify,Electronics,No,
M00511,12-10-2023,US,Advanced,Beauty,No,
M00512,01-02-2024,Australia,Basic,Home,No,
M00513,12-01-2023,India,Basic,Beauty,No,
M00514,29-08-2024,Canada,Advanced,Food,No,
M00515,29-10-2023,India,Basic,Electronics,Yes,18-11-2023
M00516,10-09-2023,India,Advanced,Electronics,No,
M00517,13-05-2024,US,Basic,Electronics,No,
M00518,04-02-2023,India,Basic,Fashion,Yes,08-06-2023
M00519,27-12-2024,Canada,Advanced,Food,Yes,28-05-2025
M00520,31-03-2023,US,Basic,Electronics,No,
M00521,27-08-2024,US,Basic,Food,Yes,31-10-2024
M00522,24-08-2024,Australia,Basic,Electronics,No,
M00523,22-02-2024,Australia,Shopify,Home,No,
M00524,25-04-2023,India,Basic,Food,Yes,29-06-2023
M00525,08-09-2024,Australia,Basic,Beauty,No,
M00526,15-07-2023,Australia,Advanced,Fashion,No,
M00527,15-05-2024,Australia,Basic,Beauty,Yes,24-08-2024
M00528,17-09-2024,US,Shopify,Food,No,
M00529,07-05-2024,US,Basic,Electronics,No,
M00530,16-03-2023,US,Shopify,Food,No,
M00531,17-02-2024,Australia,Basic,Fashion,Yes,09-05-2024
M00532,11-01-2024,US,Advanced,Food,No,
M00533,24-02-2024,Australia,Basic,Electronics,No,
M00534,29-12-2024,US,Basic,Beauty,No,
M00535,04-10-2023,US,Basic,Home,No,
M00536,06-11-2024,Canada,Basic,Beauty,Yes,12-02-2025
M00537,29-01-2024,India,Basic,Electronics,No,
M00538,01-04-2024,Australia,Basic,Electronics,No,
M00539,11-07-2023,Canada,Shopify,Fashion,Yes,05-09-2023
M00540,19-11-2024,US,Basic,Food,No,
M00541,09-04-2023,Australia,Basic,Food,Yes,28-11-2023
M00542,01-07-2024,US,Shopify,Beauty,No,
M00543,06-04-2023,India,Shopify,Home,Yes,16-06-2023
M00544,25-10-2024,Canada,Basic,Home,No,
M00545,24-10-2024,India,Basic,Fashion,No,
M00546,09-07-2023,Canada,Basic,Electronics,No,
M00547,06-02-2023,US,Shopify,Fashion,No,
M00548,04-01-2024,India,Shopify,Food,No,
M00549,25-11-2024,India,Basic,Electronics,Yes,23-07-2025
M00550,08-06-2024,US,Shopify,Fashion,No,
M00551,06-10-2023,India,Shopify,Beauty,No,
M00552,05-08-2023,Australia,Shopify,Food,No,
M00553,30-09-2023,Canada,Advanced,Home,No,
M00554,03-03-2023,Canada,Basic,Fashion,No,
M00555,18-08-2024,Canada,Basic,Food,No,
M00556,29-12-2024,Australia,Basic,Food,No,
M00557,08-12-2023,Canada,Basic,Home,Yes,05-07-2024
M00558,01-02-2024,US,Basic,Home,Yes,20-10-2024
M00559,29-11-2024,India,Advanced,Home,No,
M00560,19-01-2023,Australia,Basic,Fashion,Yes,18-07-2023
M00561,26-06-2023,Canada,Basic,Home,No,
M00562,03-09-2024,US,Basic,Beauty,Yes,18-11-2024
M00563,31-01-2024,India,Advanced,Food,No,
M00564,20-03-2024,India,Basic,Home,No,
M00565,21-08-2023,Australia,Basic,Food,No,
M00566,17-03-2023,Australia,Basic,Electronics,No,
M00567,22-09-2023,Australia,Basic,Electronics,Yes,25-06-2024
M00568,30-03-2024,US,Advanced,Home,Yes,03-08-2024
M00569,18-12-2024,US,Advanced,Food,Yes,11-09-2025
M00570,19-01-2024,Australia,Basic,Electronics,No,
M00571,17-07-2024,Canada,Advanced,Home,No,
M00572,20-05-2024,India,Shopify,Food,No,
M00573,02-01-2024,India,Advanced,Home,No,
M00574,24-05-2023,US,Basic,Food,No,
M00575,10-03-2023,India,Basic,Electronics,No,
M00576,09-04-2023,Canada,Basic,Home,Yes,08-11-2023
M00577,31-01-2024,India,Shopify,Electronics,No,
M00578,25-01-2023,US,Basic,Home,No,
M00579,13-04-2024,US,Basic,Fashion,No,
M00580,28-04-2024,Canada,Basic,Electronics,Yes,06-11-2024
M00581,18-07-2024,Canada,Shopify,Electronics,No,
M00582,31-05-2023,India,Basic,Beauty,No,
M00583,24-05-2023,India,Shopify,Electronics,No,
M00584,22-07-2024,US,Advanced,Food,Yes,31-08-2024
M00585,08-02-2023,Canada,Basic,Home,Yes,26-10-2023
M00586,19-04-2023,Canada,Shopify,Fashion,No,
M00587,23-11-2024,Canada,Basic,Food,No,
M00588,11-02-2023,India,Advanced,Food,No,
M00589,05-07-2023,Canada,Basic,Food,Yes,07-08-2023
M00590,02-02-2024,US,Shopify,Food,Yes,07-11-2024
M00591,11-08-2023,US,Shopify,Fashion,No,
M00592,25-09-2024,India,Advanced,Beauty,No,
M00593,13-05-2023,Australia,Shopify,Electronics,No,
M00594,12-06-2023,India,Basic,Food,No,
M00595,03-08-2023,Australia,Shopify,Electronics,Yes,29-06-2024
M00596,23-08-2023,Canada,Advanced,Electronics,No,
M00597,19-10-2024,India,Shopify,Food,No,
M00598,10-08-2024,US,Basic,Beauty,Yes,13-09-2024
M00599,09-01-2023,Canada,Advanced,Electronics,No,
M00600,15-03-2023,US,Shopify,Home,Yes,13-07-2023
M00601,06-05-2024,Canada,Shopify,Electronics,Yes,12-01-2025
M00602,10-09-2023,India,Basic,Food,Yes,26-07-2024
M00603,18-08-2023,Australia,Shopify,Fashion,Yes,04-05-2024
M00604,02-06-2024,Canada,Basic,Electronics,Yes,05-09-2024
M00605,23-06-2023,Australia,Shopify,Beauty,No,
M00606,14-10-2024,Canada,Basic,Home,No,
M00607,17-06-2023,US,Shopify,Home,No,
M00608,19-06-2023,US,Advanced,Fashion,No,
M00609,28-01-2024,Canada,Basic,Fashion,Yes,10-07-2024
M00610,25-09-2024,Australia,Advanced,Electronics,No,
M00611,13-07-2023,India,Basic,Food,No,
M00612,31-05-2024,India,Advanced,Beauty,No,
M00613,29-01-2023,US,Shopify,Home,No,
M00614,14-06-2023,India,Shopify,Fashion,No,
M00615,26-02-2024,US,Shopify,Beauty,No,
M00616,05-12-2023,India,Advanced,Food,No,
M00617,09-10-2024,Canada,Basic,Home,Yes,02-11-2024
M00618,10-05-2024,US,Basic,Home,No,
M00619,31-12-2023,US,Shopify,Food,Yes,30-11-2024
M00620,08-12-2023,Canada,Shopify,Home,No,
M00621,14-05-2024,US,Shopify,Food,Yes,07-01-2025
M00622,18-10-2024,India,Shopify,Home,No,
M00623,25-05-2024,India,Basic,Electronics,Yes,27-02-2025
M00624,23-11-2023,US,Shopify,Food,No,
M00625,05-08-2023,India,Basic,Beauty,No,
M00626,28-10-2023,Australia,Basic,Electronics,No,
M00627,12-05-2023,US,Basic,Beauty,No,
M00628,11-03-2023,Canada,Basic,Home,No,
M00629,09-09-2023,Australia,Basic,Beauty,No,
M00630,19-02-2024,US,Basic,Electronics,No,
M00631,20-03-2024,Canada,Shopify,Food,No,
M00632,01-07-2023,India,Basic,Fashion,No,
M00633,16-06-2023,Canada,Basic,Beauty,No,
M00634,01-04-2023,Australia,Basic,Fashion,No,
M00635,14-12-2024,India,Basic,Beauty,No,
M00636,14-06-2024,US,Basic,Beauty,No,
M00637,08-02-2023,India,Basic,Food,No,
M00638,06-05-2023,US,Shopify,Home,No,
M00639,26-03-2024,US,Shopify,Electronics,Yes,05-09-2024
M00640,22-06-2023,Canada,Shopify,Electronics,No,
M00641,14-10-2024,Canada,Basic,Electronics,No,
M00642,08-08-2023,Canada,Basic,Home,No,
M00643,29-09-2024,Australia,Advanced,Fashion,No,
M00644,27-02-2023,Australia,Basic,Electronics,Yes,16-12-2023
M00645,21-10-2024,Canada,Basic,Fashion,No,
M00646,20-04-2024,Australia,Basic,Home,No,
M00647,31-03-2024,India,Basic,Home,No,
M00648,27-12-2023,India,Basic,Food,Yes,10-10-2024
M00649,01-01-2023,Australia,Basic,Electronics,No,
M00650,22-01-2024,Australia,Shopify,Food,No,
M00651,14-12-2023,India,Basic,Electronics,Yes,09-07-2024
M00652,09-07-2023,US,Shopify,Home,No,
M00653,19-05-2024,India,Shopify,Home,No,
M00654,10-07-2023,India,Shopify,Beauty,No,
M00655,22-05-2024,Australia,Shopify,Beauty,Yes,24-11-2024
M00656,04-01-2024,India,Advanced,Home,No,
M00657,13-02-2024,Australia,Basic,Home,No,
M00658,27-04-2023,Australia,Basic,Fashion,Yes,31-01-2024
M00659,14-05-2023,Canada,Basic,Fashion,Yes,02-04-2024
M00660,27-02-2023,India,Shopify,Food,No,
M00661,09-07-2024,US,Advanced,Beauty,No,
M00662,15-11-2024,Canada,Basic,Beauty,No,
M00663,02-11-2024,Australia,Advanced,Home,No,
M00664,22-06-2023,Australia,Basic,Home,No,
M00665,29-05-2023,US,Advanced,Food,No,
M00666,21-03-2023,Australia,Basic,Beauty,Yes,30-04-2023
M00667,01-08-2023,India,Basic,Fashion,Yes,10-09-2023
M00668,22-07-2023,Canada,Basic,Electronics,No,
M00669,17-08-2023,Australia,Basic,Food,No,
M00670,06-11-2024,Australia,Basic,Electronics,No,
M00671,15-08-2023,US,Basic,Fashion,No,
M00672,20-10-2024,India,Shopify,Fashion,No,
M00673,15-06-2024,Australia,Basic,Electronics,Yes,02-08-2024
M00674,16-03-2024,US,Basic,Food,Yes,19-12-2024
M00675,06-02-2024,Australia,Shopify,Electronics,No,
M00676,16-02-2023,US,Shopify,Food,No,
M00677,21-08-2023,US,Basic,Food,No,
M00678,01-11-2023,India,Basic,Home,Yes,01-04-2024
M00679,09-06-2024,Australia,Basic,Beauty,No,
M00680,23-05-2023,India,Basic,Beauty,No,
M00681,19-02-2024,US,Shopify,Fashion,No,
M00682,27-05-2024,Canada,Basic,Home,No,
M00683,08-01-2024,Australia,Basic,Beauty,No,
M00684,19-07-2024,Canada,Shopify,Food,No,
M00685,16-09-2023,Australia,Basic,Food,No,
M00686,17-10-2024,India,Shopify,Electronics,Yes,31-08-2025
M00687,15-04-2024,India,Basic,Electronics,No,
M00688,12-01-2023,India,Advanced,Food,Yes,28-07-2023
M00689,26-11-2023,India,Basic,Food,No,
M00690,24-12-2023,India,Shopify,Electronics,No,
M00691,12-02-2024,Canada,Shopify,Beauty,No,
M00692,29-10-2024,India,Basic,Fashion,No,
M00693,08-01-2024,US,Shopify,Electronics,No,
M00694,08-01-2023,US,Advanced,Beauty,No,
M00695,02-05-2023,Canada,Shopify,Beauty,No,
M00696,14-12-2023,Australia,Shopify,Beauty,No,
M00697,06-11-2024,US,Advanced,Home,No,
M00698,31-03-2023,Australia,Basic,Home,No,
M00699,09-10-2024,Canada,Basic,Beauty,No,
M00700,28-11-2024,Australia,Shopify,Food,No,
M00701,12-11-2023,Australia,Basic,Home,No,
M00702,27-06-2023,Australia,Shopify,Electronics,Yes,09-03-2024
M00703,23-06-2024,Australia,Advanced,Home,Yes,30-08-2024
M00704,10-02-2023,Canada,Basic,Food,Yes,11-08-2023
M00705,04-12-2024,US,Basic,Fashion,No,
M00706,16-05-2024,India,Shopify,Home,No,
M00707,25-05-2023,Australia,Basic,Beauty,No,
M00708,20-07-2023,US,Shopify,Beauty,No,
M00709,24-12-2024,US,Basic,Beauty,No,
M00710,05-04-2024,Canada,Shopify,Fashion,No,
M00711,11-07-2024,US,Basic,Food,Yes,21-11-2024
M00712,30-06-2024,Canada,Shopify,Electronics,Yes,04-12-2024
M00713,10-09-2023,Australia,Basic,Food,No,
M00714,25-01-2024,Australia,Shopify,Fashion,No,
M00715,16-08-2024,India,Basic,Beauty,No,
M00716,13-09-2023,India,Shopify,Food,Yes,17-12-2023
M00717,09-12-2024,India,Advanced,Electronics,No,
M00718,25-03-2024,US,Basic,Beauty,Yes,09-12-2024
M00719,10-01-2023,Australia,Basic,Electronics,Yes,27-03-2023
M00720,30-08-2023,Canada,Basic,Home,Yes,29-10-2023
M00721,08-09-2023,India,Shopify,Electronics,Yes,18-12-2023
M00722,05-01-2023,Canada,Shopify,Beauty,No,
M00723,29-04-2023,Canada,Basic,Home,Yes,20-08-2023
M00724,09-01-2024,India,Basic,Beauty,No,
M00725,06-03-2023,Australia,Basic,Beauty,Yes,09-01-2024
M00726,26-05-2023,India,Shopify,Home,Yes,01-08-2023
M00727,12-08-2023,Canada,Basic,Electronics,Yes,05-03-2024
M00728,27-08-2023,India,Advanced,Fashion,No,
M00729,26-06-2023,Canada,Basic,Fashion,Yes,28-09-2023
M00730,09-10-2023,Canada,Shopify,Fashion,No,
M00731,04-03-2023,India,Basic,Fashion,No,
M00732,05-08-2023,US,Basic,Food,Yes,04-09-2023
M00733,19-11-2024,India,Shopify,Fashion,No,
M00734,05-04-2024,US,Shopify,Home,Yes,11-03-2025
M00735,01-09-2024,Canada,Advanced,Fashion,No,
M00736,15-04-2023,Canada,Basic,Beauty,No,
M00737,09-04-2023,US,Basic,Fashion,Yes,03-11-2023
M00738,25-05-2024,Canada,Shopify,Electronics,Yes,27-10-2024
M00739,20-01-2024,US,Shopify,Home,No,
M00740,09-02-2024,US,Basic,Home,No,
M00741,01-06-2024,Canada,Basic,Food,Yes,01-10-2024
M00742,20-04-2024,Australia,Basic,Beauty,No,
M00743,09-12-2024,US,Advanced,Home,No,
M00744,06-10-2024,India,Basic,Electronics,No,
M00745,12-03-2024,India,Basic,Fashion,Yes,23-01-2025
M00746,23-01-2023,Canada,Basic,Home,No,
M00747,18-07-2024,Australia,Basic,Electronics,No,
M00748,07-11-2024,Canada,Basic,Fashion,Yes,13-08-2025
M00749,14-12-2024,Australia,Basic,Food,No,
M00750,02-04-2024,US,Basic,Home,No,
M00751,24-03-2023,US,Shopify,Home,No,
M00752,25-05-2023,US,Basic,Electronics,Yes,24-03-2024
M00753,26-03-2023,US,Basic,Beauty,No,
M00754,19-03-2023,India,Advanced,Food,No,
M00755,01-04-2024,India,Shopify,Beauty,No,
M00756,01-01-2023,Canada,Basic,Home,Yes,12-08-2023
M00757,20-02-2023,Australia,Basic,Beauty,No,
M00758,15-11-2024,US,Basic,Fashion,No,
M00759,17-12-2024,US,Shopify,Food,No,
M00760,21-03-2024,Australia,Advanced,Beauty,No,
M00761,24-03-2024,Australia,Shopify,Fashion,No,
M00762,02-05-2024,Canada,Shopify,Electronics,No,
M00763,03-02-2023,Australia,Shopify,Beauty,No,
M00764,14-12-2023,US,Basic,Food,No,
M00765,05-04-2023,US,Basic,Fashion,Yes,01-10-2023
M00766,13-03-2023,US,Shopify,Beauty,Yes,03-03-2024
M00767,04-07-2024,US,Advanced,Electronics,No,
M00768,03-06-2023,US,Basic,Beauty,Yes,02-05-2024
M00769,07-09-2023,Canada,Shopify,Fashion,No,
M00770,04-11-2024,US,Basic,Beauty,Yes,19-04-2025
M00771,13-03-2024,Canada,Basic,Food,No,
M00772,28-04-2023,US,Basic,Home,No,
M00773,02-11-2023,India,Basic,Fashion,Yes,01-09-2024
M00774,25-09-2023,India,Shopify,Fashion,No,
M00775,23-02-2023,India,Basic,Fashion,No,
M00776,24-08-2023,India,Shopify,Fashion,No,
M00777,24-01-2024,Canada,Shopify,Beauty,Yes,01-11-2024
M00778,05-02-2024,Canada,Advanced,Food,No,
M00779,15-09-2024,Australia,Basic,Electronics,No,
M00780,30-10-2023,US,Basic,Food,No,
M00781,26-07-2023,India,Basic,Fashion,No,
M00782,17-08-2023,Canada,Advanced,Beauty,No,
M00783,31-07-2024,US,Advanced,Beauty,Yes,12-01-2025
M00784,16-03-2023,US,Basic,Fashion,No,
M00785,10-03-2024,Canada,Shopify,Beauty,No,
M00786,13-04-2023,India,Basic,Fashion,Yes,20-11-2023
M00787,26-02-2024,Australia,Shopify,Food,No,
M00788,04-12-2024,US,Basic,Home,Yes,30-08-2025
M00789,02-11-2023,Australia,Shopify,Beauty,No,
M00790,08-04-2023,India,Basic,Fashion,No,
M00791,01-12-2023,India,Shopify,Fashion,Yes,04-05-2024
M00792,10-03-2024,Australia,Shopify,Beauty,No,
M00793,22-03-2024,India,Shopify,Electronics,No,
M00794,04-11-2023,US,Basic,Fashion,No,
M00795,06-09-2023,Australia,Basic,Beauty,Yes,28-08-2024
M00796,15-06-2023,India,Basic,Fashion,Yes,03-10-2023
M00797,25-04-2024,Australia,Basic,Electronics,No,
M00798,01-12-2023,US,Basic,Home,Yes,29-07-2024
M00799,25-06-2024,India,Advanced,Electronics,No,
M00800,16-04-2023,US,Shopify,Food,No,
M00801,16-07-2024,India,Basic,Beauty,Yes,08-02-2025
M00802,22-03-2023,Canada,Basic,Electronics,No,
M00803,13-05-2023,India,Basic,Home,Yes,25-03-2024
M00804,18-05-2023,Australia,Shopify,Fashion,No,
M00805,03-07-2023,India,Basic,Beauty,No,
M00806,05-02-2024,US,Advanced,Electronics,No,
M00807,26-11-2023,US,Basic,Home,Yes,19-10-2024
M00808,22-05-2024,India,Advanced,Electronics,No,
M00809,10-03-2023,Australia,Advanced,Food,No,
M00810,29-06-2024,Canada,Basic,Beauty,No,
M00811,22-02-2023,Australia,Advanced,Fashion,No,
M00812,25-03-2024,Canada,Basic,Home,Yes,04-08-2024
M00813,24-07-2023,US,Shopify,Electronics,No,
M00814,06-05-2023,Australia,Basic,Beauty,No,
M00815,12-02-2023,Canada,Advanced,Electronics,No,
M00816,21-04-2023,India,Advanced,Beauty,No,
M00817,24-10-2024,US,Shopify,Food,No,
M00818,02-07-2023,India,Shopify,Electronics,No,
M00819,05-04-2023,US,Basic,Food,Yes,24-04-2023
M00820,09-01-2024,Australia,Basic,Home,No,
M00821,03-06-2024,Australia,Basic,Food,No,
M00822,26-12-2023,US,Basic,Beauty,Yes,08-09-2024
M00823,26-11-2024,US,Shopify,Home,No,
M00824,08-10-2023,US,Basic,Electronics,No,
M00825,14-07-2023,Australia,Advanced,Electronics,No,
M00826,14-07-2023,Canada,Shopify,Beauty,No,
M00827,28-10-2024,India,Shopify,Fashion,No,
M00828,03-04-2023,India,Basic,Fashion,Yes,08-05-2023
M00829,02-11-2024,Australia,Advanced,Electronics,No,
M00830,02-03-2023,India,Advanced,Beauty,No,
M00831,25-09-2024,US,Basic,Fashion,No,
M00832,20-02-2023,Canada,Shopify,Food,No,
M00833,07-02-2024,India,Shopify,Electronics,Yes,22-07-2024
M00834,05-01-2023,Canada,Basic,Food,No,
M00835,10-04-2024,US,Basic,Beauty,No,
M00836,26-08-2024,India,Basic,Food,No,
M00837,12-11-2024,Australia,Basic,Fashion,No,
M00838,17-06-2024,Canada,Basic,Fashion,No,
M00839,09-02-2024,US,Basic,Home,No,
M00840,27-05-2024,Canada,Basic,Electronics,No,
M00841,06-10-2024,India,Basic,Beauty,No,
M00842,21-08-2023,India,Advanced,Electronics,No,
M00843,07-06-2024,Australia,Basic,Food,No,
M00844,12-12-2023,US,Advanced,Beauty,No,
M00845,15-02-2023,US,Basic,Beauty,No,
M00846,29-06-2024,Australia,Basic,Fashion,Yes,18-11-2024
M00847,19-03-2023,Australia,Basic,Food,No,
M00848,30-12-2024,US,Basic,Fashion,Yes,17-05-2025
M00849,14-03-2023,Canada,Basic,Fashion,No,
M00850,06-09-2023,Canada,Shopify,Home,No,
M00851,16-02-2023,Australia,Basic,Fashion,No,
M00852,01-05-2023,Canada,Shopify,Electronics,No,
M00853,02-08-2023,US,Shopify,Beauty,Yes,09-01-2024
M00854,27-08-2023,India,Basic,Fashion,No,
M00855,25-02-2023,India,Basic,Electronics,No,
M00856,16-12-2023,Canada,Shopify,Food,No,
M00857,17-04-2023,Australia,Basic,Beauty,Yes,02-02-2024
M00858,17-02-2023,Australia,Basic,Food,No,
M00859,26-07-2024,Australia,Advanced,Electronics,No,
M00860,03-12-2023,Australia,Basic,Food,No,
M00861,26-01-2023,Australia,Shopify,Food,No,
M00862,14-09-2023,Canada,Advanced,Food,No,
M00863,08-01-2023,India,Basic,Fashion,No,
M00864,16-09-2024,India,Basic,Fashion,No,
M00865,10-09-2023,Canada,Basic,Fashion,No,
M00866,22-11-2024,Australia,Basic,Beauty,Yes,12-10-2025
M00867,19-12-2024,Canada,Basic,Electronics,No,
M00868,30-10-2023,India,Shopify,Fashion,No,
M00869,30-09-2024,US,Basic,Food,Yes,15-03-2025
M00870,25-02-2023,Canada,Basic,Food,Yes,30-06-2023
M00871,26-12-2024,Australia,Advanced,Food,No,
M00872,09-06-2024,India,Shopify,Food,Yes,17-10-2024
M00873,18-04-2024,India,Shopify,Home,No,
M00874,28-01-2023,India,Basic,Beauty,Yes,18-08-2023
M00875,19-03-2023,India,Shopify,Electronics,No,
M00876,04-08-2023,Australia,Basic,Electronics,Yes,14-10-2023
M00877,21-01-2024,US,Basic,Fashion,Yes,12-10-2024
M00878,31-12-2023,India,Basic,Home,No,
M00879,27-10-2024,Canada,Advanced,Electronics,No,
M00880,09-06-2024,US,Basic,Beauty,Yes,20-11-2024
M00881,29-11-2024,India,Basic,Food,No,
M00882,08-11-2023,US,Basic,Fashion,No,
M00883,07-01-2023,Canada,Basic,Beauty,No,
M00884,03-01-2023,India,Shopify,Electronics,No,
M00885,14-09-2024,Canada,Shopify,Home,No,
M00886,29-12-2023,Australia,Shopify,Fashion,No,
M00887,22-05-2024,India,Basic,Electronics,No,
M00888,01-10-2023,India,Basic,Fashion,Yes,25-03-2024
M00889,20-05-2024,India,Basic,Electronics,No,
M00890,15-01-2023,India,Basic,Food,No,
M00891,11-07-2023,Australia,Basic,Home,No,
M00892,22-09-2024,India,Shopify,Food,No,
M00893,29-04-2024,US,Basic,Electronics,No,
M00894,28-01-2023,India,Basic,Beauty,Yes,11-06-2023
M00895,14-12-2024,Australia,Basic,Food,No,
M00896,08-02-2023,India,Basic,Beauty,No,
M00897,30-09-2023,US,Basic,Electronics,No,
M00898,19-08-2023,Australia,Advanced,Home,No,
M00899,27-03-2023,Australia,Shopify,Beauty,No,
M00900,18-04-2024,US,Advanced,Electronics,No,
M00901,06-05-2023,US,Basic,Beauty,No,
M00902,20-06-2024,US,Basic,Food,No,
M00903,25-05-2023,US,Basic,Electronics,No,
M00904,08-06-2024,US,Basic,Food,Yes,31-08-2024
M00905,31-07-2023,Australia,Shopify,Fashion,No,
M00906,25-01-2023,Australia,Basic,Electronics,No,
M00907,02-08-2024,India,Basic,Beauty,No,
M00908,29-01-2024,India,Basic,Fashion,No,
M00909,08-03-2023,Canada,Basic,Food,No,
M00910,21-08-2023,India,Shopify,Food,Yes,12-12-2023
M00911,19-04-2023,India,Basic,Beauty,Yes,17-10-2023
M00912,26-05-2023,US,Basic,Fashion,No,
M00913,21-04-2023,US,Basic,Home,No,
M00914,16-08-2023,India,Basic,Beauty,Yes,23-06-2024
M00915,21-04-2023,Canada,Shopify,Food,Yes,03-10-2023
M00916,14-04-2024,US,Advanced,Electronics,No,
M00917,03-02-2023,India,Advanced,Fashion,No,
M00918,14-09-2024,India,Shopify,Home,Yes,20-08-2025
M00919,04-01-2024,Australia,Basic,Electronics,No,
M00920,17-08-2024,Canada,Shopify,Fashion,No,
M00921,07-07-2024,Australia,Basic,Beauty,Yes,23-07-2024
M00922,29-02-2024,Canada,Basic,Beauty,No,
M00923,04-09-2024,US,Shopify,Fashion,No,
M00924,01-06-2024,Canada,Basic,Home,No,
M00925,22-11-2024,India,Advanced,Fashion,No,
M00926,09-10-2023,India,Basic,Electronics,No,
M00927,16-11-2023,Canada,Shopify,Electronics,No,
M00928,18-03-2024,Canada,Shopify,Beauty,No,
M00929,11-11-2023,Canada,Advanced,Fashion,Yes,25-04-2024
M00930,12-01-2024,Australia,Shopify,Beauty,No,
M00931,16-10-2023,Canada,Shopify,Home,No,
M00932,12-03-2024,US,Basic,Electronics,No,
M00933,23-10-2024,Australia,Basic,Food,No,
M00934,04-10-2023,Australia,Basic,Food,No,
M00935,10-12-2024,Canada,Shopify,Fashion,No,
M00936,04-08-2024,US,Basic,Fashion,No,
M00937,17-05-2024,Australia,Shopify,Food,No,
M00938,15-09-2024,India,Basic,Fashion,No,
M00939,30-05-2024,Australia,Basic,Electronics,Yes,17-08-2024
M00940,16-12-2023,Canada,Shopify,Home,No,
M00941,21-03-2024,US,Basic,Home,No,
M00942,16-12-2023,Canada,Basic,Beauty,No,
M00943,29-08-2024,India,Basic,Electronics,No,
M00944,25-10-2024,India,Advanced,Fashion,Yes,30-09-2025
M00945,17-05-2023,India,Shopify,Fashion,No,
M00946,31-08-2023,Canada,Basic,Beauty,Yes,22-11-2023
M00947,26-06-2024,Australia,Basic,Beauty,Yes,08-11-2024
M00948,09-02-2023,Canada,Basic,Fashion,No,
M00949,17-08-2023,US,Shopify,Fashion,No,
M00950,01-07-2024,Australia,Shopify,Electronics,No,
M00951,11-08-2023,India,Basic,Beauty,No,
M00952,06-01-2023,Canada,Basic,Electronics,No,
M00953,18-11-2023,India,Basic,Fashion,No,
M00954,12-04-2024,India,Shopify,Food,Yes,13-08-2024
M00955,16-03-2023,US,Shopify,Food,Yes,09-02-2024
M00956,04-01-2023,Australia,Basic,Fashion,No,
M00957,07-10-2024,US,Basic,Beauty,No,
M00958,28-04-2023,US,Basic,Food,No,
M00959,28-08-2024,US,Advanced,Beauty,Yes,16-05-2025
M00960,18-05-2024,India,Basic,Food,No,
M00961,27-07-2024,US,Shopify,Beauty,No,
M00962,16-03-2024,US,Shopify,Food,No,
M00963,13-07-2023,Australia,Basic,Beauty,No,
M00964,15-12-2024,Australia,Basic,Electronics,Yes,01-04-2025
M00965,27-01-2024,US,Basic,Beauty,Yes,04-11-2024
M00966,26-01-2023,Australia,Shopify,Electronics,No,
M00967,10-03-2024,Australia,Shopify,Electronics,No,
M00968,22-06-2023,US,Shopify,Fashion,Yes,17-10-2023
M00969,27-10-2023,India,Basic,Electronics,No,
M00970,06-10-2024,US,Basic,Home,Yes,09-02-2025
M00971,22-11-2023,Australia,Advanced,Electronics,Yes,22-10-2024
M00972,14-02-2024,India,Shopify,Beauty,No,
M00973,28-04-2023,Canada,Basic,Electronics,Yes,11-03-2024
M00974,24-12-2024,India,Advanced,Beauty,No,
M00975,13-08-2023,Australia,Shopify,Beauty,No,
M00976,15-06-2024,India,Shopify,Home,Yes,08-06-2025
M00977,23-04-2023,US,Shopify,Electronics,Yes,08-07-2023
M00978,20-05-2023,Canada,Shopify,Electronics,No,
M00979,12-07-2024,Canada,Shopify,Food,Yes,22-05-2025
M00980,01-01-2023,Canada,Basic,Food,No,
M00981,31-03-2023,Australia,Basic,Fashion,Yes,28-08-2023
M00982,15-10-2024,Australia,Advanced,Beauty,No,
M00983,16-11-2023,Canada,Basic,Home,Yes,24-01-2024
M00984,03-07-2024,India,Basic,Food,Yes,02-11-2024
M00985,19-05-2023,Canada,Basic,Electronics,Yes,31-03-2024
M00986,25-05-2024,India,Basic,Fashion,Yes,21-02-2025
M00987,16-09-2023,India,Shopify,Home,No,
M00988,03-11-2024,Australia,Advanced,Electronics,No,
M00989,20-11-2024,India,Basic,Electronics,Yes,14-08-2025
M00990,10-01-2023,Canada,Basic,Beauty,Yes,03-09-2023
M00991,18-09-2023,Australia,Basic,Beauty,No,
M00992,11-10-2024,US,Advanced,Food,No,
M00993,21-06-2023,US,Shopify,Food,No,
M00994,13-01-2023,Australia,Basic,Electronics,No,
M00995,17-06-2023,Canada,Shopify,Electronics,No,
M00996,03-10-2024,US,Advanced,Food,No,
M00997,18-08-2024,US,Shopify,Food,No,
M00998,17-11-2023,India,Advanced,Electronics,No,
M00999,15-11-2023,India,Basic,Home,Yes,14-05-2024
M01000,04-09-2024,Canada,Shopify,Electronics,No,
M01001,25-11-2023,Australia,Basic,Home,Yes,17-05-2024
M01002,03-07-2024,Canada,Shopify,Home,No,
M01003,23-02-2024,Australia,Shopify,Electronics,No,
M01004,28-08-2024,US,Shopify,Fashion,No,
M01005,05-04-2023,India,Shopify,Food,Yes,02-10-2023
M01006,03-08-2024,Canada,Basic,Beauty,No,
M01007,14-11-2023,Canada,Basic,Electronics,No,
M01008,24-08-2023,Australia,Advanced,Home,No,
M01009,30-11-2023,Australia,Advanced,Electronics,No,
M01010,11-01-2024,Canada,Basic,Food,No,
M01011,03-04-2024,Australia,Basic,Home,No,
M01012,17-05-2023,Canada,Basic,Beauty,No,
M01013,10-08-2024,Canada,Shopify,Beauty,No,
M01014,30-06-2024,Canada,Shopify,Beauty,No,
M01015,27-05-2024,US,Basic,Fashion,No,
M01016,23-10-2023,Australia,Basic,Home,No,
M01017,16-11-2023,India,Shopify,Home,No,
M01018,25-07-2024,India,Shopify,Fashion,No,
M01019,15-12-2023,Australia,Basic,Home,Yes,21-07-2024
M01020,17-08-2023,Canada,Shopify,Fashion,No,
M01021,27-09-2023,India,Basic,Electronics,No,
M01022,18-10-2023,India,Basic,Food,No,
M01023,25-12-2024,Australia,Shopify,Beauty,No,
M01024,14-06-2023,India,Shopify,Fashion,Yes,21-03-2024
M01025,05-01-2023,Canada,Advanced,Fashion,No,
M01026,14-01-2024,Australia,Shopify,Fashion,No,
M01027,19-03-2023,Canada,Shopify,Electronics,Yes,18-08-2023
M01028,14-02-2024,India,Basic,Fashion,No,
M01029,27-07-2024,India,Basic,Food,Yes,15-04-2025
M01030,12-05-2023,Canada,Basic,Food,No,
M01031,23-08-2024,US,Basic,Beauty,No,
M01032,11-02-2023,India,Shopify,Electronics,No,
M01033,30-03-2023,US,Advanced,Food,No,
M01034,06-02-2024,India,Basic,Home,Yes,15-04-2024
M01035,23-10-2023,US,Basic,Home,Yes,02-06-2024
M01036,22-10-2023,US,Shopify,Home,No,
M01037,07-09-2024,US,Basic,Fashion,No,
M01038,09-06-2024,Canada,Shopify,Fashion,No,
M01039,21-11-2024,US,Shopify,Home,No,
M01040,28-09-2024,US,Shopify,Beauty,Yes,29-10-2024
M01041,26-02-2024,US,Basic,Beauty,No,
M01042,23-01-2023,India,Basic,Fashion,No,
M01043,28-07-2024,US,Shopify,Home,Yes,18-10-2024
M01044,23-05-2023,India,Shopify,Beauty,Yes,17-10-2023
M01045,26-10-2024,US,Basic,Fashion,Yes,16-05-2025
M01046,25-05-2023,US,Shopify,Home,Yes,11-04-2024
M01047,13-08-2023,Canada,Basic,Electronics,No,
M01048,17-05-2024,India,Shopify,Home,Yes,16-10-2024
M01049,07-09-2024,US,Basic,Home,Yes,14-03-2025
M01050,14-04-2023,India,Advanced,Food,No,
M01051,08-02-2023,India,Basic,Food,No,
M01052,17-07-2023,Australia,Basic,Electronics,No,
M01053,07-10-2024,Canada,Basic,Electronics,Yes,26-01-2025
M01054,01-08-2024,Canada,Basic,Home,Yes,02-02-2025
M01055,26-01-2024,Canada,Advanced,Beauty,No,
M01056,28-06-2023,Australia,Advanced,Electronics,No,
M01057,07-07-2024,Australia,Basic,Home,Yes,22-12-2024
M01058,23-03-2024,Canada,Basic,Fashion,No,
M01059,14-05-2024,Australia,Shopify,Food,No,
M01060,15-01-2023,Australia,Advanced,Beauty,No,
M01061,14-09-2024,Australia,Shopify,Home,Yes,30-03-2025
M01062,30-10-2024,Canada,Basic,Fashion,No,
M01063,16-10-2023,Canada,Basic,Food,No,
M01064,22-04-2024,Canada,Shopify,Fashion,Yes,03-01-2025
M01065,19-08-2023,Australia,Basic,Home,No,
M01066,24-02-2024,Canada,Shopify,Electronics,Yes,07-01-2025
M01067,06-06-2023,Australia,Basic,Food,Yes,31-03-2024
M01068,03-07-2024,US,Shopify,Fashion,No,
M01069,16-03-2024,Australia,Basic,Electronics,No,
M01070,07-04-2023,India,Shopify,Beauty,No,
M01071,15-02-2024,Canada,Basic,Home,No,
M01072,16-10-2023,Canada,Shopify,Home,Yes,26-11-2023
M01073,11-09-2023,India,Basic,Food,No,
M01074,15-07-2023,Australia,Shopify,Fashion,No,
M01075,20-08-2024,US,Shopify,Beauty,No,
M01076,05-06-2024,India,Shopify,Food,No,
M01077,31-05-2024,India,Shopify,Food,Yes,13-08-2024
M01078,26-09-2024,Australia,Shopify,Fashion,No,
M01079,28-04-2023,Canada,Shopify,Beauty,No,
M01080,08-06-2023,Australia,Basic,Fashion,No,
M01081,16-08-2023,India,Shopify,Home,No,
M01082,04-08-2023,India,Basic,Electronics,No,
M01083,26-11-2024,Canada,Basic,Home,No,
M01084,15-01-2023,Canada,Basic,Home,No,
M01085,06-06-2023,Canada,Basic,Food,Yes,08-01-2024
M01086,09-10-2024,Australia,Shopify,Home,No,
M01087,18-09-2023,Canada,Shopify,Beauty,No,
M01088,06-06-2023,India,Shopify,Home,Yes,25-02-2024
M01089,16-02-2023,India,Basic,Beauty,Yes,10-05-2023
M01090,20-11-2023,US,Basic,Fashion,No,
M01091,15-11-2024,Australia,Basic,Food,No,
M01092,10-05-2023,US,Basic,Beauty,No,
M01093,15-02-2024,India,Basic,Home,Yes,21-03-2024
M01094,05-04-2023,US,Basic,Food,No,
M01095,18-09-2024,India,Basic,Food,Yes,03-03-2025
M01096,19-10-2023,US,Shopify,Beauty,No,
M01097,10-10-2023,Canada,Shopify,Beauty,No,
M01098,10-03-2023,US,Advanced,Electronics,No,
M01099,21-10-2024,Canada,Advanced,Electronics,No,
M01100,11-01-2023,Canada,Shopify,Food,No,
M01101,11-09-2023,Australia,Basic,Electronics,No,
M01102,03-07-2024,Canada,Shopify,Home,No,
M01103,14-05-2023,Canada,Shopify,Fashion,No,
M01104,12-12-2024,US,Basic,Food,No,
M01105,23-01-2023,India,Basic,Fashion,Yes,19-05-2023
M01106,12-12-2023,Australia,Shopify,Electronics,Yes,30-03-2024
M01107,29-10-2023,Canada,Basic,Beauty,Yes,28-06-2024
M01108,29-12-2023,Australia,Shopify,Food,No,
M01109,31-01-2024,US,Shopify,Electronics,No,
M01110,06-08-2023,Canada,Basic,Home,Yes,23-12-2023
M01111,21-05-2023,US,Basic,Food,No,
M01112,07-09-2024,Australia,Basic,Food,No,
M01113,29-07-2023,US,Basic,Beauty,No,
M01114,14-09-2024,Australia,Basic,Food,No,
M01115,07-09-2024,US,Shopify,Beauty,No,
M01116,13-11-2024,Australia,Basic,Electronics,Yes,12-08-2025
M01117,04-04-2024,India,Basic,Home,Yes,06-03-2025
M01118,22-12-2023,US,Basic,Home,No,
M01119,20-11-2023,US,Advanced,Food,No,
M01120,13-05-2023,India,Basic,Food,Yes,18-01-2024
M01121,07-05-2023,India,Basic,Electronics,No,
M01122,16-04-2023,US,Advanced,Beauty,No,
M01123,26-08-2024,India,Shopify,Home,No,
M01124,13-01-2024,Canada,Basic,Beauty,Yes,07-07-2024
M01125,20-02-2023,Australia,Shopify,Electronics,No,
M01126,29-01-2023,Australia,Basic,Home,Yes,26-03-2023
M01127,06-04-2024,Australia,Basic,Home,Yes,21-01-2025
M01128,23-10-2023,Canada,Basic,Fashion,No,
M01129,24-10-2023,India,Basic,Electronics,No,
M01130,26-12-2024,India,Shopify,Electronics,No,
M01131,11-02-2024,US,Basic,Fashion,No,
M01132,04-09-2024,India,Basic,Beauty,Yes,25-11-2024
M01133,09-02-2024,US,Shopify,Fashion,No,
M01134,12-12-2023,Canada,Shopify,Electronics,No,
M01135,13-09-2024,Australia,Basic,Beauty,No,
M01136,24-02-2024,Australia,Shopify,Home,Yes,29-08-2024
M01137,01-07-2023,Australia,Basic,Fashion,No,
M01138,01-01-2023,India,Shopify,Beauty,No,
M01139,20-07-2024,US,Shopify,Beauty,No,
M01140,06-01-2024,US,Advanced,Beauty,No,
M01141,22-10-2024,Canada,Basic,Fashion,Yes,02-10-2025
M01142,06-03-2024,India,Basic,Home,No,
M01143,05-11-2023,Canada,Basic,Beauty,No,
M01144,17-05-2023,US,Basic,Fashion,No,
M01145,21-07-2023,US,Basic,Electronics,No,
M01146,11-03-2024,Australia,Advanced,Fashion,Yes,28-07-2024
M01147,09-11-2023,India,Basic,Fashion,No,
M01148,27-04-2023,US,Basic,Fashion,No,
M01149,27-10-2024,Australia,Shopify,Beauty,Yes,29-04-2025
M01150,28-07-2024,India,Basic,Fashion,No,
M01151,01-09-2023,Canada,Shopify,Electronics,No,
M01152,20-06-2024,India,Basic,Beauty,Yes,20-08-2024
M01153,24-08-2024,India,Basic,Electronics,Yes,26-05-2025
M01154,16-03-2023,US,Basic,Food,Yes,02-11-2023
M01155,21-01-2024,US,Basic,Fashion,No,
M01156,29-07-2023,India,Advanced,Beauty,No,
M01157,19-04-2024,US,Basic,Beauty,No,
M01158,22-02-2024,US,Basic,Fashion,No,
M01159,13-12-2023,US,Basic,Home,No,
M01160,12-06-2024,Australia,Basic,Home,No,
M01161,01-10-2024,Australia,Advanced,Electronics,Yes,16-08-2025
M01162,28-06-2023,India,Basic,Fashion,No,
M01163,01-07-2023,US,Shopify,Fashion,No,
M01164,25-10-2024,Australia,Advanced,Food,No,
M01165,25-01-2023,India,Shopify,Home,No,
M01166,29-06-2023,US,Advanced,Home,No,
M01167,10-12-2024,Canada,Basic,Fashion,No,
M01168,15-05-2024,US,Basic,Electronics,Yes,30-09-2024
M01169,10-06-2023,US,Basic,Fashion,No,
M01170,26-06-2023,Australia,Shopify,Electronics,Yes,28-04-2024
M01171,12-10-2023,India,Advanced,Home,No,
M01172,04-03-2023,India,Basic,Food,Yes,27-08-2023
M01173,23-10-2024,Australia,Shopify,Beauty,Yes,26-05-2025
M01174,27-10-2024,US,Basic,Home,Yes,12-08-2025
M01175,05-06-2023,Canada,Shopify,Electronics,No,
M01176,13-04-2024,US,Basic,Fashion,Yes,19-11-2024
M01177,18-02-2023,US,Advanced,Home,No,
M01178,25-03-2023,Canada,Shopify,Food,No,
M01179,27-12-2023,Australia,Basic,Electronics,Yes,19-02-2024
M01180,19-11-2024,India,Basic,Fashion,Yes,02-09-2025
M01181,28-05-2023,Australia,Basic,Beauty,No,
M01182,21-09-2024,Australia,Basic,Electronics,No,
M01183,08-12-2023,US,Basic,Fashion,No,
M01184,20-04-2024,India,Advanced,Beauty,No,
M01185,04-03-2023,India,Shopify,Fashion,No,
M01186,01-12-2024,Australia,Basic,Beauty,Yes,21-06-2025
M01187,26-12-2023,Canada,Basic,Beauty,Yes,11-04-2024
M01188,14-07-2024,Australia,Advanced,Beauty,No,
M01189,23-11-2023,Canada,Shopify,Fashion,No,
M01190,21-05-2023,India,Basic,Beauty,No,
M01191,03-08-2023,Australia,Shopify,Electronics,Yes,28-09-2023
M01192,10-03-2024,US,Basic,Food,Yes,09-07-2024
M01193,23-12-2024,Australia,Basic,Food,Yes,30-11-2025
M01194,14-11-2023,India,Basic,Beauty,No,
M01195,01-02-2023,US,Basic,Food,Yes,21-04-2023
M01196,31-10-2024,US,Basic,Food,No,
M01197,12-10-2023,Canada,Advanced,Beauty,No,
M01198,01-11-2023,US,Shopify,Beauty,No,
M01199,04-03-2024,US,Shopify,Electronics,No,
M01200,21-04-2024,Australia,Basic,Home,No,
