merchant_id,signup_date,country,plan_type,industry,churned,churn_date,total_gmv
M00001,2023-04-13,Australia,Basic,Food,Yes,2023-06-14,3104.35
M00002,2024-03-11,India,Shopify,Food,Yes,2024-06-11,5336.55
M00003,2023-09-28,US,Basic,Beauty,No,,2656.85
M00004,2023-04-17,India,Shopify,Food,No,,17345.86
M00005,2023-03-13,Canada,Basic,Beauty,No,,4364.08
M00006,2024-12-01,Australia,Basic,Home,No,,4876.47
M00007,2023-01-21,Australia,Basic,Fashion,Yes,2023-03-06,4583.11
M00008,2024-09-06,India,Basic,Food,No,,2070.09
M00009,2023-05-02,Australia,Shopify,Beauty,No,,6375.86
M00010,2024-04-11,Canada,Basic,Home,No,,7885.06
M00011,2023-08-03,Australia,Basic,Food,Yes,2024-05-28,6123.48
M00012,2023-11-27,India,Advanced,Electronics,No,,37941.45
M00013,2024-04-03,Canada,Advanced,Home,No,,21992.77
M00014,2023-03-29,India,Basic,Food,No,,7717.82
M00015,2024-01-08,Australia,Basic,Home,No,,3362.83
M00016,2023-04-10,India,Shopify,Fashion,No,,5880.89
M00017,2024-10-25,India,Basic,Fashion,No,,1342.35
M00018,2023-05-11,US,Basic,Fashion,No,,5213.21
M00019,2024-10-23,Australia,Basic,Electronics,Yes,2025-03-22,1534.6
M00020,2023-11-05,Australia,Shopify,Fashion,No,,6829.85
M00021,2023-12-10,India,Shopify,Electronics,No,,15058.59
M00022,2024-05-06,US,Basic,Fashion,Yes,2024-10-07,7477.02
M00023,2024-02-18,Australia,Basic,Home,Yes,2024-04-13,9779.43
M00024,2024-01-21,Canada,Basic,Food,No,,6614.85
M00025,2023-07-11,India,Shopify,Food,No,,7513.36
M00026,2023-10-04,Australia,Basic,Fashion,No,,6027.5
M00027,2023-06-10,Canada,Basic,Food,No,,2280.82
M00028,2024-04-04,Australia,Shopify,Fashion,Yes,2025-01-25,4612.15
M00029,2023-11-10,Canada,Basic,Fashion,Yes,2024-01-13,8000.74
M00030,2023-01-22,India,Shopify,Beauty,No,,8281.57
M00031,2023-09-10,Australia,Basic,Beauty,Yes,2024-06-08,6925.37
M00032,2024-07-14,Australia,Basic,Beauty,No,,8418.09
M00033,2024-04-19,US,Basic,Electronics,No,,7687.83
M00034,2023-02-28,India,Shopify,Beauty,Yes,2024-01-19,10107.37
M00035,2024-05-25,Canada,Advanced,Fashion,No,,8032.48
M00036,2024-11-12,Australia,Shopify,Home,Yes,2025-08-23,3473.7200000000003
M00037,2024-04-20,Australia,Basic,Beauty,No,,776.75
M00038,2024-11-30,Canada,Shopify,Beauty,Yes,2025-04-27,11754.19
M00039,2023-07-09,India,Basic,Home,No,,2653.52
M00040,2024-11-17,US,Basic,Fashion,Yes,2025-07-23,8233.53
M00041,2024-07-16,US,Advanced,Electronics,No,,3355.5
M00042,2024-07-20,Australia,Basic,Beauty,No,,2233.36
M00043,2023-09-01,Canada,Basic,Home,Yes,2024-01-21,1444.07
M00044,2024-05-19,Australia,Basic,Fashion,No,,4061.9700000000003
M00045,2023-05-11,Canada,Basic,Food,Yes,2023-09-06,6717.43
M00046,2024-04-29,US,Basic,Electronics,No,,6706.74
M00047,2024-10-08,India,Shopify,Home,Yes,2025-07-03,18381.92
M00048,2023-01-21,Canada,Basic,Home,No,,7441.66
M00049,2023-06-16,US,Advanced,Home,No,,47351.81
M00050,2023-10-01,Australia,Shopify,Beauty,No,,6589.48
M00051,2024-01-23,Canada,Basic,Food,Yes,2024-05-11,8481.14
M00052,2024-08-23,India,Basic,Electronics,No,,9286.78
M00053,2023-11-12,Australia,Basic,Fashion,Yes,2024-10-28,3132.6
M00054,2023-01-14,Australia,Shopify,Fashion,No,,8490.74
M00055,2023-08-30,US,Basic,Food,No,,5626.38
M00056,2023-12-12,Canada,Shopify,Home,Yes,2024-07-30,14185.65
M00057,2024-07-18,Australia,Basic,Home,No,,4433.08
M00058,2023-12-06,India,Shopify,Home,Yes,2024-02-19,4568.59
M00059,2023-04-02,Canada,Basic,Home,No,,6874.58
M00060,2024-01-02,India,Basic,Home,No,,7171.93
M00061,2024-03-30,Australia,Advanced,Food,No,,10734.18
M00062,2024-03-03,India,Shopify,Beauty,No,,14032.0
M00063,2024-05-23,US,Basic,Electronics,Yes,2025-03-01,8170.24
M00064,2023-02-04,India,Advanced,Home,No,,10921.039999999999
M00065,2023-07-25,Canada,Basic,Beauty,Yes,2024-04-05,7161.45
M00066,2023-03-22,India,Advanced,Fashion,No,,33026.14
M00067,2024-07-15,India,Shopify,Food,No,,4190.04
M00068,2024-01-23,US,Basic,Beauty,No,,8098.12
M00069,2023-01-02,India,Basic,Home,Yes,2023-01-29,10292.08
M00070,2024-01-25,India,Basic,Home,Yes,2024-07-04,7635.53
M00071,2024-07-19,Australia,Basic,Home,Yes,2025-03-30,5058.8
M00072,2023-04-16,Australia,Shopify,Beauty,Yes,2023-07-28,11691.53
M00073,2024-04-21,Canada,Basic,Home,Yes,2024-08-08,7548.01
M00074,2024-12-03,Australia,Basic,Beauty,No,,9792.6
M00075,2024-02-06,Australia,Shopify,Home,No,,10784.23
M00076,2024-12-30,Australia,Advanced,Fashion,No,,0.0
M00077,2024-07-09,Australia,Basic,Fashion,No,,8541.88
M00078,2023-06-11,US,Basic,Electronics,Yes,2024-05-05,5901.14
M00079,2023-07-21,Australia,Basic,Home,No,,6774.83
M00080,2023-09-27,US,Basic,Home,Yes,2024-07-30,3853.98
M00081,2023-09-28,US,Advanced,Beauty,No,,35036.32
M00082,2024-03-31,Australia,Basic,Beauty,No,,3750.69
M00083,2024-04-06,India,Shopify,Home,No,,11839.35
M00084,2024-12-27,US,Basic,Electronics,No,,3920.25
M00085,2023-09-09,India,Shopify,Home,Yes,2023-10-18,4677.95
M00086,2024-12-02,India,Shopify,Beauty,No,,6198.93
M00087,2023-10-23,Australia,Shopify,Home,No,,9845.0
M00088,2024-12-25,Canada,Basic,Beauty,Yes,2025-10-07,9134.77
M00089,2024-12-20,Australia,Basic,Home,No,,4735.02
M00090,2023-12-04,Canada,Basic,Food,No,,1897.99
M00091,2023-02-22,Canada,Advanced,Beauty,No,,27514.03
M00092,2023-08-05,Australia,Advanced,Electronics,Yes,2024-02-01,25582.32
M00093,2023-07-07,Australia,Shopify,Food,No,,18062.32
M00094,2024-01-15,Canada,Shopify,Home,Yes,2024-10-05,17285.82
M00095,2024-05-07,Australia,Shopify,Beauty,No,,18107.71
M00096,2023-02-10,Canada,Basic,Food,Yes,2023-05-22,5312.51
M00097,2023-06-06,India,Advanced,Electronics,Yes,2023-11-09,41320.23
M00098,2023-01-15,Australia,Basic,Beauty,Yes,2023-06-12,10007.37
M00099,2023-03-06,India,Basic,Food,No,,2190.3
M00100,2024-06-04,US,Basic,Food,Yes,2025-03-24,4742.06
M00101,2023-12-10,India,Basic,Food,Yes,2024-04-28,1165.14
M00102,2023-05-09,India,Basic,Fashion,Yes,2024-04-03,7257.98
M00103,2024-10-09,Canada,Shopify,Home,No,,10841.29
M00104,2024-04-16,India,Basic,Beauty,No,,9896.11
M00105,2023-03-04,Australia,Shopify,Beauty,No,,3558.22
M00106,2023-05-19,Canada,Basic,Beauty,Yes,2023-10-21,1980.78
M00107,2024-05-13,US,Basic,Food,Yes,2024-09-07,8802.88
M00108,2024-08-15,Australia,Basic,Home,Yes,2025-04-12,1010.7099999999999
M00109,2024-01-27,US,Basic,Electronics,Yes,2024-04-13,8847.55
M00110,2024-11-05,India,Shopify,Beauty,No,,5945.96
M00111,2024-02-23,Australia,Basic,Home,Yes,2024-12-27,3485.3
M00112,2023-10-16,Australia,Shopify,Home,No,,18958.14
M00113,2024-01-14,US,Basic,Fashion,Yes,2024-11-29,4101.8
M00114,2024-05-04,Australia,Shopify,Beauty,No,,14581.9
M00115,2023-08-19,Australia,Advanced,Food,No,,35069.28
M00116,2023-02-10,Australia,Shopify,Home,No,,2901.83
M00117,2023-01-28,India,Basic,Home,No,,7896.9
M00118,2023-05-15,US,Basic,Electronics,No,,5589.03
M00119,2023-07-20,Australia,Basic,Fashion,No,,2001.54
M00120,2023-02-02,Canada,Shopify,Home,No,,10776.44
M00121,2023-02-17,Canada,Basic,Home,No,,1405.45
M00122,2024-05-17,Canada,Basic,Food,No,,3934.27
M00123,2024-02-11,Canada,Shopify,Food,No,,10590.96
M00124,2024-07-27,India,Basic,Electronics,Yes,2025-04-21,2642.65
M00125,2024-12-28,Australia,Shopify,Electronics,No,,17344.05
M00126,2023-04-09,US,Basic,Electronics,Yes,2023-10-20,2193.18
M00127,2024-11-14,Australia,Basic,Food,Yes,2025-01-07,4810.79
M00128,2024-12-26,India,Shopify,Food,No,,15862.98
M00129,2024-06-30,Canada,Basic,Fashion,Yes,2025-04-04,1833.86
M00130,2024-09-04,India,Shopify,Beauty,No,,4763.39
M00131,2024-04-06,Australia,Basic,Beauty,Yes,2024-10-26,1388.14
M00132,2024-10-04,US,Basic,Fashion,No,,9500.42
M00133,2023-01-05,India,Shopify,Beauty,No,,10436.37
M00134,2023-08-06,US,Shopify,Food,No,,7494.07
M00135,2024-05-17,India,Shopify,Beauty,No,,8113.34
M00136,2024-02-02,US,Basic,Food,No,,1219.84
M00137,2024-01-28,US,Shopify,Fashion,No,,17455.76
M00138,2023-07-26,Canada,Basic,Electronics,No,,3317.69
M00139,2023-01-15,US,Basic,Fashion,Yes,2023-02-06,6017.93
M00140,2024-07-07,Canada,Advanced,Beauty,No,,17300.05
M00141,2024-04-05,Australia,Basic,Food,No,,3141.99
M00142,2024-11-21,Australia,Advanced,Beauty,No,,36330.59
M00143,2024-07-28,Canada,Basic,Beauty,No,,995.61
M00144,2023-08-29,Canada,Basic,Electronics,No,,6151.61
M00145,2024-07-17,India,Basic,Beauty,Yes,2024-11-12,8671.69
M00146,2023-04-06,India,Advanced,Electronics,Yes,2023-12-01,40318.6
M00147,2024-04-29,India,Shopify,Food,No,,9031.56
M00148,2024-02-11,Australia,Shopify,Food,No,,5342.04
M00149,2023-08-19,India,Shopify,Electronics,No,,16135.15
M00150,2024-10-16,US,Shopify,Fashion,No,,18323.95
M00151,2023-06-20,US,Shopify,Food,No,,16893.42
M00152,2024-06-24,India,Basic,Fashion,No,,5836.36
M00153,2023-02-05,US,Basic,Food,No,,8413.74
M00154,2024-06-08,Australia,Basic,Food,Yes,2024-07-26,7112.62
M00155,2023-06-09,US,Advanced,Home,No,,26640.6
M00156,2024-11-29,Australia,Advanced,Beauty,No,,32879.02
M00157,2023-08-31,Canada,Basic,Beauty,Yes,2024-05-07,6449.2
M00158,2023-03-27,Canada,Shopify,Fashion,Yes,2023-11-24,16145.6
M00159,2024-07-31,Canada,Advanced,Beauty,Yes,2025-02-18,32462.91
M00160,2024-11-12,Canada,Basic,Fashion,No,,9495.81
M00161,2024-07-10,US,Shopify,Food,No,,9546.51
M00162,2024-07-27,India,Advanced,Home,No,,4041.31
M00163,2024-10-07,US,Basic,Home,Yes,2025-08-30,3101.14
M00164,2023-01-28,Australia,Shopify,Food,No,,18371.88
M00165,2024-09-11,US,Basic,Electronics,No,,1248.53
M00166,2024-07-09,US,Advanced,Electronics,Yes,2024-08-14,27852.57
M00167,2023-12-06,Australia,Advanced,Beauty,No,,11803.95
M00168,2023-11-27,Canada,Advanced,Fashion,Yes,2024-11-18,26555.46
M00169,2024-10-01,Canada,Basic,Home,No,,4931.42
M00170,2024-05-20,Canada,Advanced,Beauty,No,,13835.1
M00171,2023-12-14,India,Shopify,Food,No,,2835.85
M00172,2024-04-17,Australia,Basic,Home,No,,9119.22
M00173,2023-08-19,Australia,Shopify,Fashion,No,,19373.2
M00174,2023-07-09,US,Basic,Fashion,No,,8422.88
M00175,2023-08-13,India,Shopify,Electronics,No,,3131.89
M00176,2024-01-20,Canada,Basic,Beauty,Yes,2024-03-14,7673.72
M00177,2024-01-12,India,Basic,Food,Yes,2024-07-17,5538.45
M00178,2023-10-10,Australia,Basic,Home,No,,2337.11
M00179,2024-09-24,Australia,Shopify,Fashion,No,,1863.91
M00180,2024-09-19,US,Basic,Home,No,,1478.46
M00181,2023-09-16,US,Shopify,Food,Yes,2024-03-27,9348.5
M00182,2023-12-25,Australia,Basic,Home,No,,1148.51
M00183,2024-12-10,Canada,Basic,Beauty,Yes,2025-03-20,7062.8
M00184,2024-03-31,Canada,Basic,Electronics,No,,7230.49
M00185,2024-02-15,India,Shopify,Home,No,,17851.69
M00186,2024-10-10,Australia,Basic,Electronics,No,,7120.78
M00187,2023-11-14,Australia,Shopify,Food,Yes,2024-04-09,17802.25
M00188,2024-11-07,Canada,Advanced,Electronics,No,,51024.35
M00189,2023-08-13,Canada,Shopify,Home,No,,18360.69
M00190,2023-08-22,Australia,Basic,Home,No,,4369.86
M00191,2024-11-14,US,Basic,Fashion,No,,5495.33
M00192,2024-10-25,Australia,Advanced,Home,No,,41008.18
M00193,2024-01-09,Australia,Basic,Electronics,No,,5329.79
M00194,2024-11-02,Canada,Advanced,Fashion,No,,46123.24
M00195,2024-08-30,Canada,Basic,Home,Yes,2024-09-26,5952.23
M00196,2024-04-16,US,Advanced,Home,No,,10308.82
M00197,2023-08-21,US,Shopify,Food,No,,2250.9700000000003
M00198,2024-11-22,India,Advanced,Fashion,No,,19067.0
M00199,2023-04-23,Australia,Basic,Food,Yes,2023-06-04,3393.36
M00200,2024-05-11,Canada,Shopify,Food,No,,11266.24
M00201,2024-03-17,US,Basic,Food,Yes,2024-06-23,6475.64
M00202,2024-07-17,India,Basic,Beauty,No,,1782.39
M00203,2023-09-25,India,Shopify,Food,Yes,2024-08-22,9304.93
M00204,2024-05-24,Canada,Advanced,Electronics,No,,27597.0
M00205,2024-01-21,Canada,Advanced,Home,No,,30667.01
M00206,2024-01-22,India,Shopify,Beauty,No,,17686.98
M00207,2023-04-23,US,Basic,Food,No,,9643.3
M00208,2024-09-04,India,Basic,Home,No,,5760.59
M00209,2024-09-16,Australia,Shopify,Fashion,No,,11900.99
M00210,2023-03-22,Australia,Basic,Fashion,Yes,2024-03-13,7136.72
M00211,2024-11-29,Canada,Basic,Home,Yes,2025-09-19,5624.85
M00212,2023-04-23,US,Basic,Electronics,Yes,2024-01-25,8643.25
M00213,2023-01-02,US,Basic,Home,No,,803.46
M00214,2024-10-03,Australia,Basic,Home,Yes,2025-04-01,1483.09
M00215,2023-08-08,India,Basic,Beauty,Yes,2024-06-10,8868.38
M00216,2024-07-19,Canada,Basic,Fashion,No,,2267.85
M00217,2023-08-13,India,Basic,Fashion,No,,4077.08
M00218,2024-01-20,India,Advanced,Food,No,,14434.5
M00219,2024-02-07,India,Basic,Home,Yes,2024-04-29,8012.51
M00220,2024-09-29,US,Basic,Home,Yes,2025-05-27,3029.8
M00221,2023-05-10,Australia,Shopify,Electronics,No,,13443.62
M00222,2023-02-22,US,Basic,Fashion,Yes,2023-08-25,6209.52
M00223,2024-11-14,Australia,Advanced,Electronics,No,,6801.85
M00224,2024-12-30,Canada,Shopify,Beauty,No,,0.0
M00225,2024-11-02,Canada,Basic,Food,No,,8648.53
M00226,2024-12-10,India,Basic,Electronics,Yes,2025-03-20,9384.27
M00227,2024-02-20,Australia,Advanced,Fashion,No,,23972.5
M00228,2023-09-04,Australia,Advanced,Beauty,No,,23810.95
M00229,2024-03-14,Australia,Basic,Home,No,,9374.83
M00230,2023-07-22,India,Shopify,Beauty,No,,19064.08
M00231,2023-07-03,India,Basic,Electronics,Yes,2023-11-27,9079.99
M00232,2023-05-03,Canada,Advanced,Fashion,No,,12484.88
M00233,2024-02-05,US,Basic,Electronics,No,,5884.5
M00234,2023-10-21,Australia,Advanced,Home,No,,35388.47
M00235,2023-10-07,Australia,Shopify,Home,No,,7506.86
M00236,2024-09-01,US,Shopify,Fashion,No,,8602.03
M00237,2023-07-17,Australia,Basic,Food,No,,6498.65
M00238,2024-05-25,India,Basic,Beauty,No,,5222.6
M00239,2023-05-24,India,Basic,Beauty,No,,5579.19
M00240,2024-08-31,Australia,Basic,Home,Yes,2025-03-11,1020.47
M00241,2023-07-20,India,Basic,Electronics,No,,5953.14
M00242,2023-05-04,India,Shopify,Electronics,Yes,2024-04-25,15047.38
M00243,2023-07-06,Australia,Basic,Food,No,,7441.5
M00244,2023-11-22,Canada,Basic,Electronics,No,,7715.55
M00245,2024-04-08,US,Advanced,Beauty,No,,26232.37
M00246,2023-12-15,India,Advanced,Electronics,No,,50253.49
M00247,2024-10-21,Canada,Advanced,Food,No,,23095.68
M00248,2024-02-07,India,Advanced,Beauty,Yes,2024-10-30,19353.72
M00249,2023-12-12,India,Basic,Electronics,No,,3315.89
M00250,2024-05-25,US,Basic,Beauty,Yes,2024-06-23,8480.01
M00251,2023-05-27,India,Shopify,Home,No,,13253.789999999999
M00252,2023-05-28,US,Shopify,Home,No,,10723.81
M00253,2024-12-11,US,Basic,Home,No,,9404.2
M00254,2024-05-03,US,Shopify,Electronics,No,,12921.69
M00255,2024-10-01,Canada,Basic,Food,Yes,2025-05-26,7729.95
M00256,2024-07-04,Australia,Basic,Beauty,Yes,2025-02-04,6859.29
M00257,2023-12-04,Canada,Basic,Fashion,No,,3883.91
M00258,2024-10-02,Australia,Shopify,Home,No,,8473.26
M00259,2024-04-17,Australia,Shopify,Home,Yes,2024-08-16,13602.27
M00260,2023-05-31,US,Basic,Fashion,No,,9705.91
M00261,2024-02-19,India,Advanced,Fashion,No,,41562.52
M00262,2023-10-25,US,Basic,Electronics,Yes,2024-07-15,3638.05
M00263,2024-09-02,India,Basic,Beauty,Yes,2024-12-14,1906.34
M00264,2023-09-20,Australia,Advanced,Home,Yes,2024-02-06,18804.46
M00265,2023-05-24,US,Advanced,Food,No,,49927.41
M00266,2023-12-12,India,Advanced,Electronics,No,,38746.95
M00267,2024-09-15,Canada,Shopify,Electronics,No,,13269.36
M00268,2024-07-25,India,Shopify,Food,No,,16600.24
M00269,2023-01-02,US,Shopify,Food,Yes,2023-05-09,10645.45
M00270,2023-10-31,Canada,Basic,Food,No,,7756.57
M00271,2023-09-11,India,Basic,Fashion,No,,4059.89
M00272,2024-10-13,India,Basic,Home,Yes,2025-03-13,6442.63
M00273,2024-03-28,India,Basic,Fashion,No,,5760.66
M00274,2023-02-06,India,Shopify,Home,No,,19337.31
M00275,2023-06-09,India,Basic,Fashion,No,,1422.26
M00276,2023-01-09,Canada,Basic,Beauty,No,,1558.85
M00277,2023-08-21,Australia,Basic,Home,Yes,2024-05-08,5271.58
M00278,2023-04-09,Canada,Shopify,Electronics,Yes,2023-10-06,17631.87
M00279,2024-10-20,Canada,Basic,Home,No,,6843.42
M00280,2023-07-27,Canada,Advanced,Home,No,,19918.65
M00281,2023-05-11,Australia,Basic,Home,No,,4597.29
M00282,2024-02-08,US,Basic,Beauty,No,,7913.44
M00283,2023-06-01,Australia,Shopify,Fashion,No,,19206.8
M00284,2023-02-23,Canada,Shopify,Electronics,No,,15592.16
M00285,2023-04-30,India,Basic,Fashion,No,,6914.26
M00286,2024-11-03,India,Shopify,Fashion,No,,12695.3
M00287,2024-09-19,Canada,Shopify,Food,No,,10677.54
M00288,2024-08-09,India,Basic,Beauty,Yes,2025-01-20,3403.57
M00289,2024-09-16,Canada,Advanced,Food,No,,4280.99
M00290,2024-02-24,India,Shopify,Beauty,No,,13449.06
M00291,2024-02-26,Australia,Shopify,Fashion,Yes,2025-02-17,8170.98
M00292,2023-04-14,US,Advanced,Fashion,No,,23953.13
M00293,2023-09-11,US,Advanced,Beauty,No,,26402.36
M00294,2023-08-15,Australia,Shopify,Fashion,No,,16085.3
M00295,2023-04-22,Australia,Shopify,Fashion,No,,17558.85
M00296,2024-05-24,Canada,Shopify,Electronics,Yes,2024-08-14,15512.85
M00297,2024-04-17,Canada,Shopify,Food,No,,14268.69
M00298,2023-04-09,Canada,Shopify,Food,No,,8190.88
M00299,2023-06-02,India,Shopify,Food,Yes,2024-01-23,1673.54
M00300,2023-12-04,Canada,Basic,Home,No,,6462.32
M00301,2024-12-06,Australia,Advanced,Electronics,No,,31909.98
M00302,2023-06-12,US,Advanced,Food,No,,31424.52
M00303,2024-12-20,India,Basic,Food,No,,1408.26
M00304,2024-11-11,Canada,Shopify,Electronics,No,,17660.86
M00305,2023-06-10,India,Basic,Fashion,No,,967.39
M00306,2024-08-02,India,Basic,Food,Yes,2025-05-14,4951.09
M00307,2024-02-02,Canada,Shopify,Fashion,No,,14219.74
M00308,2023-10-04,India,Basic,Food,No,,3062.85
M00309,2024-05-18,US,Shopify,Beauty,No,,2531.16
M00310,2024-01-27,Australia,Shopify,Home,No,,6538.69
M00311,2023-05-15,Australia,Basic,Food,No,,2356.04
M00312,2023-07-14,US,Basic,Beauty,No,,8155.76
M00313,2024-02-05,India,Basic,Electronics,No,,8059.07
M00314,2024-10-01,Canada,Shopify,Beauty,No,,7133.77
M00315,2023-02-02,India,Advanced,Electronics,No,,8644.74
M00316,2024-11-18,US,Shopify,Food,No,,9282.68
M00317,2024-04-04,India,Basic,Electronics,No,,6128.82
M00318,2024-04-14,Australia,Shopify,Beauty,No,,6633.99
M00319,2024-01-10,India,Basic,Home,No,,1503.02
M00320,2023-01-22,US,Shopify,Fashion,No,,7434.84
M00321,2024-10-31,Australia,Basic,Fashion,Yes,2025-10-01,3377.68
M00322,2023-02-07,India,Shopify,Home,No,,9513.64
M00323,2023-08-18,India,Basic,Fashion,No,,4844.06
M00324,2023-12-31,Australia,Advanced,Food,No,,43010.08
M00325,2024-07-16,Canada,Basic,Food,No,,9443.99
M00326,2024-03-13,Australia,Shopify,Beauty,No,,12384.1
M00327,2023-10-10,Canada,Advanced,Beauty,No,,18447.33
M00328,2023-01-27,US,Basic,Electronics,No,,2785.84
M00329,2023-08-14,US,Advanced,Beauty,No,,16947.13
M00330,2023-10-04,Australia,Shopify,Food,Yes,2024-08-23,8118.0199999999995
M00331,2024-08-31,Australia,Basic,Beauty,No,,4571.05
M00332,2023-10-11,US,Basic,Fashion,Yes,2023-11-14,5090.68
M00333,2024-04-25,Canada,Shopify,Electronics,No,,13453.14
M00334,2024-03-28,US,Basic,Electronics,No,,9292.25
M00335,2024-10-20,Australia,Shopify,Food,No,,8663.78
M00336,2024-05-30,US,Basic,Beauty,No,,3083.18
M00337,2024-06-30,Australia,Shopify,Fashion,No,,19656.62
M00338,2023-07-11,Australia,Basic,Beauty,Yes,2024-05-09,6426.63
M00339,2023-02-18,US,Advanced,Home,Yes,2023-06-12,18179.23
M00340,2024-05-26,Canada,Advanced,Beauty,No,,27549.88
M00341,2023-01-17,India,Advanced,Food,No,,27070.57
M00342,2023-06-21,US,Shopify,Beauty,Yes,2024-03-13,12893.72
M00343,2023-08-08,India,Basic,Electronics,No,,4447.4
M00344,2023-06-07,US,Shopify,Fashion,Yes,2023-09-06,1894.58
M00345,2024-04-21,India,Basic,Food,No,,1189.03
M00346,2023-02-15,Canada,Basic,Home,Yes,2023-07-14,4296.58
M00347,2024-01-08,Canada,Basic,Fashion,Yes,2024-07-13,2715.01
M00348,2024-06-01,US,Basic,Fashion,Yes,2025-01-02,2230.18
M00349,2023-04-09,Australia,Shopify,Electronics,No,,12309.24
M00350,2023-02-06,India,Shopify,Electronics,No,,20209.56
M00351,2023-10-07,Australia,Basic,Electronics,No,,3847.72
M00352,2023-12-15,Australia,Basic,Food,No,,1989.1699999999998
M00353,2024-05-11,Australia,Advanced,Beauty,No,,51923.81
M00354,2023-10-29,Canada,Basic,Fashion,Yes,2024-06-16,7833.56
M00355,2023-06-30,US,Basic,Beauty,No,,2938.48
M00356,2024-08-29,US,Basic,Beauty,No,,3035.66
M00357,2023-04-09,Canada,Shopify,Electronics,No,,5533.7
M00358,2024-11-30,Canada,Shopify,Beauty,No,,995.39
M00359,2023-04-26,US,Basic,Fashion,No,,704.73
M00360,2023-07-10,Australia,Basic,Fashion,Yes,2024-02-17,3251.11
M00361,2023-09-10,India,Shopify,Home,No,,15884.26
M00362,2023-06-10,India,Shopify,Food,Yes,2023-09-06,4881.3
M00363,2023-09-13,India,Basic,Beauty,No,,4090.4
M00364,2023-11-19,Australia,Advanced,Food,No,,40593.21
M00365,2023-05-08,US,Basic,Food,No,,4303.65
M00366,2023-01-18,Canada,Basic,Food,No,,3727.66
M00367,2024-07-19,US,Advanced,Food,No,,25036.02
M00368,2024-07-23,Australia,Basic,Fashion,No,,4918.58
M00369,2023-11-19,Canada,Shopify,Beauty,No,,12562.7
M00370,2024-11-16,Australia,Basic,Home,No,,2424.64
M00371,2024-09-17,India,Basic,Food,No,,4323.97
M00372,2023-10-15,India,Advanced,Home,No,,50957.27
M00373,2024-10-24,Australia,Basic,Fashion,No,,6255.92
M00374,2024-09-30,Canada,Advanced,Fashion,No,,16227.98
M00375,2023-06-04,Canada,Basic,Electronics,No,,7288.46
M00376,2024-05-04,US,Basic,Food,No,,1369.49
M00377,2024-01-21,India,Basic,Electronics,Yes,2024-02-15,9400.49
M00378,2023-04-14,US,Shopify,Home,Yes,2024-02-09,7100.72
M00379,2024-01-28,US,Basic,Beauty,Yes,2024-10-24,1442.58
M00380,2023-09-03,Australia,Advanced,Electronics,Yes,2023-09-29,25293.29
M00381,2023-06-25,Australia,Basic,Fashion,No,,8865.15
M00382,2023-02-08,US,Advanced,Food,No,,44768.0
M00383,2024-04-21,India,Basic,Home,No,,3503.49
M00384,2024-11-12,Australia,Advanced,Fashion,No,,27386.84
M00385,2024-06-21,US,Shopify,Beauty,Yes,2024-09-21,5740.78
M00386,2024-02-12,US,Shopify,Food,No,,7553.89
M00387,2024-06-08,US,Shopify,Beauty,No,,3887.61
M00388,2024-05-20,US,Shopify,Beauty,No,,12552.28
M00389,2023-02-05,US,Shopify,Food,No,,4764.61
M00390,2024-11-15,US,Basic,Food,No,,9411.78
M00391,2023-01-20,Australia,Basic,Beauty,No,,6242.56
M00392,2023-11-17,India,Advanced,Home,No,,7988.22
M00393,2024-05-26,US,Shopify,Food,Yes,2024-11-28,3198.02
M00394,2024-02-04,Canada,Shopify,Fashion,Yes,2024-05-24,9088.7
M00395,2024-10-15,Australia,Basic,Electronics,No,,2465.0
M00396,2024-04-15,Australia,Basic,Home,No,,794.59
M00397,2023-05-23,US,Basic,Food,No,,9715.8
M00398,2023-04-02,Australia,Shopify,Food,No,,2406.43
M00399,2023-12-20,US,Basic,Home,No,,8937.09
M00400,2024-12-27,India,Basic,Electronics,Yes,2025-11-12,7217.98
M00401,2023-02-20,India,Basic,Beauty,No,,7672.39
M00402,2024-10-26,Australia,Basic,Fashion,No,,8360.47
M00403,2024-11-28,Australia,Shopify,Food,Yes,2025-09-11,20096.36
M00404,2024-07-28,Canada,Basic,Electronics,No,,3134.2
M00405,2023-07-09,Australia,Shopify,Fashion,No,,14784.36
M00406,2023-05-05,Canada,Basic,Home,No,,5257.01
M00407,2023-05-30,India,Basic,Food,No,,3130.07
M00408,2023-11-10,India,Basic,Beauty,Yes,2024-05-21,9654.67
M00409,2024-07-23,US,Basic,Home,No,,4901.45
M00410,2023-12-08,India,Basic,Food,No,,4962.49
M00411,2023-11-01,Canada,Basic,Electronics,No,,2756.43
M00412,2024-11-22,Australia,Shopify,Fashion,No,,15236.58
M00413,2024-11-12,US,Basic,Fashion,No,,5840.24
M00414,2023-02-23,Canada,Shopify,Food,No,,10072.68
M00415,2024-03-19,Australia,Advanced,Home,No,,21053.78
M00416,2024-09-04,US,Shopify,Beauty,No,,17575.31
M00417,2023-09-21,India,Basic,Electronics,Yes,2023-12-08,3712.62
M00418,2023-02-22,Canada,Basic,Food,No,,6995.85
M00419,2024-07-25,Australia,Basic,Electronics,Yes,2024-12-18,5293.91
M00420,2024-09-11,US,Basic,Fashion,No,,7661.75
M00421,2023-01-05,US,Advanced,Beauty,No,,13529.92
M00422,2023-04-13,India,Basic,Electronics,Yes,2024-04-04,7916.48
M00423,2023-07-15,Australia,Basic,Food,Yes,2024-04-26,3229.92
M00424,2023-12-16,India,Shopify,Beauty,No,,18402.92
M00425,2023-02-16,India,Shopify,Home,No,,1765.75
M00426,2024-10-17,Australia,Shopify,Food,No,,10499.37
M00427,2023-09-26,Australia,Basic,Electronics,No,,4645.21
M00428,2024-01-05,Australia,Basic,Beauty,No,,7427.49
M00429,2024-09-27,Canada,Basic,Food,No,,2598.49
M00430,2023-04-16,Australia,Basic,Beauty,No,,705.9200000000001
M00431,2024-10-31,US,Basic,Beauty,No,,5419.55
M00432,2024-10-20,India,Basic,Beauty,Yes,2025-09-18,5246.43
M00433,2024-10-18,Canada,Basic,Electronics,No,,2228.52
M00434,2023-04-30,Australia,Basic,Food,No,,2235.9
M00435,2024-08-26,Canada,Basic,Fashion,No,,5556.25
M00436,2023-02-27,Australia,Shopify,Fashion,No,,10286.35
M00437,2023-12-12,Canada,Shopify,Electronics,Yes,2024-11-22,11859.58
M00438,2024-04-18,India,Shopify,Electronics,No,,14569.19
M00439,2023-04-27,India,Basic,Beauty,No,,6428.09
M00440,2023-05-07,US,Basic,Food,No,,3224.51
M00441,2024-01-28,US,Basic,Food,No,,700.77
M00442,2024-10-02,Australia,Shopify,Home,Yes,2025-09-22,16537.079999999998
M00443,2023-02-27,India,Shopify,Home,No,,3428.4700000000003
M00444,2024-09-25,Canada,Basic,Fashion,No,,2722.7599999999998
M00445,2024-05-27,Canada,Advanced,Home,No,,28654.24
M00446,2023-04-06,Canada,Basic,Home,Yes,2023-08-07,8855.02
M00447,2024-09-29,US,Basic,Fashion,No,,9289.91
M00448,2023-04-28,Canada,Shopify,Fashion,No,,8063.53
M00449,2024-07-13,US,Advanced,Home,Yes,2025-04-26,9537.14
M00450,2024-08-23,US,Shopify,Food,No,,8806.37
M00451,2024-05-02,Australia,Shopify,Home,No,,11813.56
M00452,2023-08-25,Canada,Basic,Beauty,Yes,2024-02-23,8787.63
M00453,2023-09-29,Canada,Shopify,Beauty,No,,5360.01
M00454,2023-07-08,India,Basic,Beauty,No,,5606.0
M00455,2024-12-04,Australia,Advanced,Electronics,No,,9339.7
M00456,2024-03-22,India,Basic,Beauty,No,,3700.53
M00457,2024-08-03,Australia,Shopify,Food,No,,14633.26
M00458,2023-09-04,Canada,Basic,Electronics,Yes,2024-03-16,7564.35
M00459,2023-03-17,US,Shopify,Electronics,No,,15675.66
M00460,2023-06-03,US,Basic,Beauty,No,,562.46
M00461,2024-10-17,US,Shopify,Home,No,,12397.12
M00462,2024-03-10,US,Basic,Fashion,No,,594.6800000000001
M00463,2023-03-27,US,Basic,Home,Yes,2023-06-07,6500.05
M00464,2024-11-27,India,Basic,Home,No,,5211.42
M00465,2023-10-12,Australia,Basic,Electronics,No,,868.95
M00466,2023-08-08,Canada,Advanced,Electronics,No,,2989.53
M00467,2023-03-10,India,Basic,Electronics,No,,2746.71
M00468,2023-02-16,Australia,Advanced,Food,No,,43427.98
M00469,2023-04-04,US,Basic,Food,No,,3675.05
M00470,2024-03-28,Australia,Basic,Fashion,Yes,2024-06-29,8023.55
M00471,2023-07-23,Australia,Shopify,Electronics,No,,2101.75
M00472,2023-08-06,US,Shopify,Beauty,No,,14240.45
M00473,2024-04-18,US,Basic,Electronics,Yes,2024-07-02,7064.53
M00474,2024-03-07,US,Shopify,Food,No,,13261.68
M00475,2023-12-07,Canada,Shopify,Electronics,Yes,2024-04-20,19997.98
M00476,2024-07-04,US,Basic,Food,Yes,2025-02-10,1980.19
M00477,2024-09-03,Canada,Advanced,Electronics,Yes,2024-10-21,12377.06
M00478,2023-10-16,US,Advanced,Beauty,No,,38809.31
M00479,2023-09-11,Canada,Shopify,Fashion,Yes,2023-12-04,10463.36
M00480,2023-12-23,Australia,Basic,Beauty,No,,3996.17
M00481,2023-01-23,India,Shopify,Food,No,,9118.56
M00482,2024-06-05,Australia,Basic,Home,Yes,2024-07-06,2949.51
M00483,2023-04-10,Australia,Basic,Beauty,Yes,2023-05-14,8395.5
M00484,2023-06-29,US,Basic,Electronics,No,,6692.13
M00485,2023-08-11,Canada,Basic,Fashion,No,,4811.9
M00486,2024-10-20,India,Advanced,Electronics,No,,19185.27
M00487,2024-03-17,US,Shopify,Electronics,No,,14637.45
M00488,2024-08-30,US,Shopify,Beauty,No,,9524.64
M00489,2023-11-21,US,Basic,Fashion,Yes,2024-10-15,6839.53
M00490,2024-05-30,Australia,Basic,Home,Yes,2024-08-21,6069.81
M00491,2023-01-16,Canada,Basic,Electronics,No,,4046.1
M00492,2023-12-02,Canada,Advanced,Fashion,No,,5540.74
M00493,2023-09-15,India,Basic,Home,No,,3811.44
M00494,2024-05-11,Canada,Advanced,Electronics,No,,17170.25
M00495,2023-06-09,Canada,Shopify,Fashion,No,,13049.25
M00496,2024-04-19,US,Basic,Beauty,Yes,2024-12-04,6960.51
M00497,2024-10-25,US,Shopify,Electronics,Yes,2025-04-18,4888.64
M00498,2024-11-20,Australia,Basic,Electronics,No,,9727.75
M00499,2024-11-05,US,Advanced,Fashion,No,,30090.56
M00500,2024-01-15,US,Advanced,Electronics,No,,25588.82
M00501,2024-06-28,US,Basic,Home,No,,2467.21
M00502,2024-11-21,US,Basic,Electronics,Yes,2025-03-17,7417.86
M00503,2024-03-02,Australia,Shopify,Food,Yes,2024-10-08,1294.9
M00504,2024-09-04,US,Advanced,Home,Yes,2025-02-10,12415.06
M00505,2023-09-25,India,Basic,Fashion,Yes,2023-12-05,7492.17
M00506,2024-07-30,India,Shopify,Home,Yes,2024-11-04,4943.55
M00507,2024-02-21,India,Shopify,Food,Yes,2024-11-30,11949.64
M00508,2023-06-17,India,Shopify,Food,No,,16078.66
M00509,2023-02-12,US,Basic,Electronics,Yes,2023-09-01,3477.31
M00510,2024-07-09,India,Shopify,Electronics,No,,7462.59
M00511,2023-10-12,US,Advanced,Beauty,No,,33029.88
M00512,2024-02-01,Australia,Basic,Home,No,,7507.91
M00513,2023-01-12,India,Basic,Beauty,No,,7099.32
M00514,2024-08-29,Canada,Advanced,Food,No,,19154.2
M00515,2023-10-29,India,Basic,Electronics,Yes,2023-11-18,9464.92
M00516,2023-09-10,India,Advanced,Electronics,No,,35980.06
M00517,2024-05-13,US,Basic,Electronics,No,,8241.04
M00518,2023-02-04,India,Basic,Fashion,Yes,2023-06-08,1969.99
M00519,2024-12-27,Canada,Advanced,Food,Yes,2025-05-28,38100.84
M00520,2023-03-31,US,Basic,Electronics,No,,3088.66
M00521,2024-08-27,US,Basic,Food,Yes,2024-10-31,1825.11
M00522,2024-08-24,Australia,Basic,Electronics,No,,4878.18
M00523,2024-02-22,Australia,Shopify,Home,No,,18773.84
M00524,2023-04-25,India,Basic,Food,Yes,2023-06-29,7744.55
M00525,2024-09-08,Australia,Basic,Beauty,No,,9560.69
M00526,2023-07-15,Australia,Advanced,Fashion,No,,5654.75
M00527,2024-05-15,Australia,Basic,Beauty,Yes,2024-08-24,5461.01
M00528,2024-09-17,US,Shopify,Food,No,,12959.99
M00529,2024-05-07,US,Basic,Electronics,No,,5042.16
M00530,2023-03-16,US,Shopify,Food,No,,5105.39
M00531,2024-02-17,Australia,Basic,Fashion,Yes,2024-05-09,10112.91
M00532,2024-01-11,US,Advanced,Food,No,,3780.11
M00533,2024-02-24,Australia,Basic,Electronics,No,,7530.41
M00534,2024-12-29,US,Basic,Beauty,No,,3045.53
M00535,2023-10-04,US,Basic,Home,No,,6977.26
M00536,2024-11-06,Canada,Basic,Beauty,Yes,2025-02-12,6442.78
M00537,2024-01-29,India,Basic,Electronics,No,,2469.87
M00538,2024-04-01,Australia,Basic,Electronics,No,,8548.85
M00539,2023-07-11,Canada,Shopify,Fashion,Yes,2023-09-05,3887.8
M00540,2024-11-19,US,Basic,Food,No,,8648.74
M00541,2023-04-09,Australia,Basic,Food,Yes,2023-11-28,9997.8
M00542,2024-07-01,US,Shopify,Beauty,No,,19492.23
M00543,2023-04-06,India,Shopify,Home,Yes,2023-06-16,17063.73
M00544,2024-10-25,Canada,Basic,Home,No,,5419.95
M00545,2024-10-24,India,Basic,Fashion,No,,2787.01
M00546,2023-07-09,Canada,Basic,Electronics,No,,4916.42
M00547,2023-02-06,US,Shopify,Fashion,No,,5227.52
M00548,2024-01-04,India,Shopify,Food,No,,17628.42
M00549,2024-11-25,India,Basic,Electronics,Yes,2025-07-23,4287.66
M00550,2024-06-08,US,Shopify,Fashion,No,,5215.98
M00551,2023-10-06,India,Shopify,Beauty,No,,2027.33
M00552,2023-08-05,Australia,Shopify,Food,No,,13853.11
M00553,2023-09-30,Canada,Advanced,Home,No,,3267.37
M00554,2023-03-03,Canada,Basic,Fashion,No,,540.36
M00555,2024-08-18,Canada,Basic,Food,No,,2742.87
M00556,2024-12-29,Australia,Basic,Food,No,,5888.86
M00557,2023-12-08,Canada,Basic,Home,Yes,2024-07-05,4489.22
M00558,2024-02-01,US,Basic,Home,Yes,2024-10-20,6668.52
M00559,2024-11-29,India,Advanced,Home,No,,44144.45
M00560,2023-01-19,Australia,Basic,Fashion,Yes,2023-07-18,7398.0
M00561,2023-06-26,Canada,Basic,Home,No,,5994.31
M00562,2024-09-03,US,Basic,Beauty,Yes,2024-11-18,8806.21
M00563,2024-01-31,India,Advanced,Food,No,,29352.52
M00564,2024-03-20,India,Basic,Home,No,,8844.51
M00565,2023-08-21,Australia,Basic,Food,No,,2823.25
M00566,2023-03-17,Australia,Basic,Electronics,No,,605.41
M00567,2023-09-22,Australia,Basic,Electronics,Yes,2024-06-25,9296.31
M00568,2024-03-30,US,Advanced,Home,Yes,2024-08-03,33674.02
M00569,2024-12-18,US,Advanced,Food,Yes,2025-09-11,44506.21
M00570,2024-01-19,Australia,Basic,Electronics,No,,2826.89
M00571,2024-07-17,Canada,Advanced,Home,No,,30200.63
M00572,2024-05-20,India,Shopify,Food,No,,15716.65
M00573,2024-01-02,India,Advanced,Home,No,,42183.23
M00574,2023-05-24,US,Basic,Food,No,,7683.83
M00575,2023-03-10,India,Basic,Electronics,No,,4397.79
M00576,2023-04-09,Canada,Basic,Home,Yes,2023-11-08,7246.34
M00577,2024-01-31,India,Shopify,Electronics,No,,9135.59
M00578,2023-01-25,US,Basic,Home,No,,7564.06
M00579,2024-04-13,US,Basic,Fashion,No,,5558.26
M00580,2024-04-28,Canada,Basic,Electronics,Yes,2024-11-06,5443.05
M00581,2024-07-18,Canada,Shopify,Electronics,No,,13704.33
M00582,2023-05-31,India,Basic,Beauty,No,,4622.62
M00583,2023-05-24,India,Shopify,Electronics,No,,4800.58
M00584,2024-07-22,US,Advanced,Food,Yes,2024-08-31,6536.12
M00585,2023-02-08,Canada,Basic,Home,Yes,2023-10-26,792.55
M00586,2023-04-19,Canada,Shopify,Fashion,No,,18875.76
M00587,2024-11-23,Canada,Basic,Food,No,,4093.95
M00588,2023-02-11,India,Advanced,Food,No,,3428.86
M00589,2023-07-05,Canada,Basic,Food,Yes,2023-08-07,4553.64
M00590,2024-02-02,US,Shopify,Food,Yes,2024-11-07,19071.36
M00591,2023-08-11,US,Shopify,Fashion,No,,18082.12
M00592,2024-09-25,India,Advanced,Beauty,No,,22159.82
M00593,2023-05-13,Australia,Shopify,Electronics,No,,9605.74
M00594,2023-06-12,India,Basic,Food,No,,5388.4
M00595,2023-08-03,Australia,Shopify,Electronics,Yes,2024-06-29,16961.49
M00596,2023-08-23,Canada,Advanced,Electronics,No,,13778.49
M00597,2024-10-19,India,Shopify,Food,No,,8013.55
M00598,2024-08-10,US,Basic,Beauty,Yes,2024-09-13,943.53
M00599,2023-01-09,Canada,Advanced,Electronics,No,,52861.49
M00600,2023-03-15,US,Shopify,Home,Yes,2023-07-13,14567.57
M00601,2024-05-06,Canada,Shopify,Electronics,Yes,2025-01-12,15985.69
M00602,2023-09-10,India,Basic,Food,Yes,2024-07-26,3969.22
M00603,2023-08-18,Australia,Shopify,Fashion,Yes,2024-05-04,4205.8099999999995
M00604,2024-06-02,Canada,Basic,Electronics,Yes,2024-09-05,6627.87
M00605,2023-06-23,Australia,Shopify,Beauty,No,,15109.98
M00606,2024-10-14,Canada,Basic,Home,No,,7319.54
M00607,2023-06-17,US,Shopify,Home,No,,12652.94
M00608,2023-06-19,US,Advanced,Fashion,No,,9641.91
M00609,2024-01-28,Canada,Basic,Fashion,Yes,2024-07-10,6007.7699999999995
M00610,2024-09-25,Australia,Advanced,Electronics,No,,18653.05
M00611,2023-07-13,India,Basic,Food,No,,6804.25
M00612,2024-05-31,India,Advanced,Beauty,No,,46811.4
M00613,2023-01-29,US,Shopify,Home,No,,16061.99
M00614,2023-06-14,India,Shopify,Fashion,No,,18863.32
M00615,2024-02-26,US,Shopify,Beauty,No,,10216.3
M00616,2023-12-05,India,Advanced,Food,No,,10450.03
M00617,2024-10-09,Canada,Basic,Home,Yes,2024-11-02,1823.77
M00618,2024-05-10,US,Basic,Home,No,,6089.32
M00619,2023-12-31,US,Shopify,Food,Yes,2024-11-30,12773.23
M00620,2023-12-08,Canada,Shopify,Home,No,,13832.06
M00621,2024-05-14,US,Shopify,Food,Yes,2025-01-07,14089.58
M00622,2024-10-18,India,Shopify,Home,No,,16323.55
M00623,2024-05-25,India,Basic,Electronics,Yes,2025-02-27,8832.96
M00624,2023-11-23,US,Shopify,Food,No,,7226.01
M00625,2023-08-05,India,Basic,Beauty,No,,4457.64
M00626,2023-10-28,Australia,Basic,Electronics,No,,9728.81
M00627,2023-05-12,US,Basic,Beauty,No,,6408.39
M00628,2023-03-11,Canada,Basic,Home,No,,6881.38
M00629,2023-09-09,Australia,Basic,Beauty,No,,3065.94
M00630,2024-02-19,US,Basic,Electronics,No,,1160.76
M00631,2024-03-20,Canada,Shopify,Food,No,,8851.73
M00632,2023-07-01,India,Basic,Fashion,No,,6127.58
M00633,2023-06-16,Canada,Basic,Beauty,No,,3489.9
M00634,2023-04-01,Australia,Basic,Fashion,No,,7458.24
M00635,2024-12-14,India,Basic,Beauty,No,,7104.14
M00636,2024-06-14,US,Basic,Beauty,No,,7228.2
M00637,2023-02-08,India,Basic,Food,No,,9134.72
M00638,2023-05-06,US,Shopify,Home,No,,11916.54
M00639,2024-03-26,US,Shopify,Electronics,Yes,2024-09-05,18101.66
M00640,2023-06-22,Canada,Shopify,Electronics,No,,13031.03
M00641,2024-10-14,Canada,Basic,Electronics,No,,7689.4800000000005
M00642,2023-08-08,Canada,Basic,Home,No,,8047.7
M00643,2024-09-29,Australia,Advanced,Fashion,No,,45157.25
M00644,2023-02-27,Australia,Basic,Electronics,Yes,2023-12-16,3821.71
M00645,2024-10-21,Canada,Basic,Fashion,No,,873.6800000000001
M00646,2024-04-20,Australia,Basic,Home,No,,7954.55
M00647,2024-03-31,India,Basic,Home,No,,3651.75
M00648,2023-12-27,India,Basic,Food,Yes,2024-10-10,7868.07
M00649,2023-01-01,Australia,Basic,Electronics,No,,9383.78
M00650,2024-01-22,Australia,Shopify,Food,No,,13939.75
M00651,2023-12-14,India,Basic,Electronics,Yes,2024-07-09,8244.41
M00652,2023-07-09,US,Shopify,Home,No,,17772.29
M00653,2024-05-19,India,Shopify,Home,No,,1237.0
M00654,2023-07-10,India,Shopify,Beauty,No,,18629.39
M00655,2024-05-22,Australia,Shopify,Beauty,Yes,2024-11-24,17470.09
M00656,2024-01-04,India,Advanced,Home,No,,20536.33
M00657,2024-02-13,Australia,Basic,Home,No,,3965.39
M00658,2023-04-27,Australia,Basic,Fashion,Yes,2024-01-31,6757.31
M00659,2023-05-14,Canada,Basic,Fashion,Yes,2024-04-02,3336.87
M00660,2023-02-27,India,Shopify,Food,No,,20420.98
M00661,2024-07-09,US,Advanced,Beauty,No,,2605.69
M00662,2024-11-15,Canada,Basic,Beauty,No,,3554.39
M00663,2024-11-02,Australia,Advanced,Home,No,,40545.89
M00664,2023-06-22,Australia,Basic,Home,No,,8303.62
M00665,2023-05-29,US,Advanced,Food,No,,47189.97
M00666,2023-03-21,Australia,Basic,Beauty,Yes,2023-04-30,8491.4
M00667,2023-08-01,India,Basic,Fashion,Yes,2023-09-10,7866.92
M00668,2023-07-22,Canada,Basic,Electronics,No,,661.97
M00669,2023-08-17,Australia,Basic,Food,No,,3428.62
M00670,2024-11-06,Australia,Basic,Electronics,No,,8602.13
M00671,2023-08-15,US,Basic,Fashion,No,,6957.88
M00672,2024-10-20,India,Shopify,Fashion,No,,17237.75
M00673,2024-06-15,Australia,Basic,Electronics,Yes,2024-08-02,1769.13
M00674,2024-03-16,US,Basic,Food,Yes,2024-12-19,8369.69
M00675,2024-02-06,Australia,Shopify,Electronics,No,,1293.08
M00676,2023-02-16,US,Shopify,Food,No,,6608.67
M00677,2023-08-21,US,Basic,Food,No,,3495.39
M00678,2023-11-01,India,Basic,Home,Yes,2024-04-01,3740.05
M00679,2024-06-09,Australia,Basic,Beauty,No,,6048.98
M00680,2023-05-23,India,Basic,Beauty,No,,9418.76
M00681,2024-02-19,US,Shopify,Fashion,No,,9155.87
M00682,2024-05-27,Canada,Basic,Home,No,,7275.38
M00683,2024-01-08,Australia,Basic,Beauty,No,,4445.63
M00684,2024-07-19,Canada,Shopify,Food,No,,10878.94
M00685,2023-09-16,Australia,Basic,Food,No,,8782.8
M00686,2024-10-17,India,Shopify,Electronics,Yes,2025-08-31,8518.2
M00687,2024-04-15,India,Basic,Electronics,No,,834.54
M00688,2023-01-12,India,Advanced,Food,Yes,2023-07-28,44356.58
M00689,2023-11-26,India,Basic,Food,No,,8516.82
M00690,2023-12-24,India,Shopify,Electronics,No,,3526.21
M00691,2024-02-12,Canada,Shopify,Beauty,No,,13575.53
M00692,2024-10-29,India,Basic,Fashion,No,,5816.43
M00693,2024-01-08,US,Shopify,Electronics,No,,1678.04
M00694,2023-01-08,US,Advanced,Beauty,No,,11502.94
M00695,2023-05-02,Canada,Shopify,Beauty,No,,13282.12
M00696,2023-12-14,Australia,Shopify,Beauty,No,,7278.1
M00697,2024-11-06,US,Advanced,Home,No,,9004.68
M00698,2023-03-31,Australia,Basic,Home,No,,5450.3
M00699,2024-10-09,Canada,Basic,Beauty,No,,6751.91
M00700,2024-11-28,Australia,Shopify,Food,No,,10489.67
M00701,2023-11-12,Australia,Basic,Home,No,,3588.68
M00702,2023-06-27,Australia,Shopify,Electronics,Yes,2024-03-09,11528.13
M00703,2024-06-23,Australia,Advanced,Home,Yes,2024-08-30,39266.26
M00704,2023-02-10,Canada,Basic,Food,Yes,2023-08-11,6619.12
M00705,2024-12-04,US,Basic,Fashion,No,,5555.49
M00706,2024-05-16,India,Shopify,Home,No,,15011.960000000001
M00707,2023-05-25,Australia,Basic,Beauty,No,,6498.02
M00708,2023-07-20,US,Shopify,Beauty,No,,5173.36
M00709,2024-12-24,US,Basic,Beauty,No,,5217.24
M00710,2024-04-05,Canada,Shopify,Fashion,No,,10134.13
M00711,2024-07-11,US,Basic,Food,Yes,2024-11-21,6480.6
M00712,2024-06-30,Canada,Shopify,Electronics,Yes,2024-12-04,11720.1
M00713,2023-09-10,Australia,Basic,Food,No,,9841.78
M00714,2024-01-25,Australia,Shopify,Fashion,No,,5952.19
M00715,2024-08-16,India,Basic,Beauty,No,,749.26
M00716,2023-09-13,India,Shopify,Food,Yes,2023-12-17,2365.9
M00717,2024-12-09,India,Advanced,Electronics,No,,5431.07
M00718,2024-03-25,US,Basic,Beauty,Yes,2024-12-09,1166.52
M00719,2023-01-10,Australia,Basic,Electronics,Yes,2023-03-27,8898.64
M00720,2023-08-30,Canada,Basic,Home,Yes,2023-10-29,8691.96
M00721,2023-09-08,India,Shopify,Electronics,Yes,2023-12-18,17608.74
M00722,2023-01-05,Canada,Shopify,Beauty,No,,1315.06
M00723,2023-04-29,Canada,Basic,Home,Yes,2023-08-20,3433.01
M00724,2024-01-09,India,Basic,Beauty,No,,3336.88
M00725,2023-03-06,Australia,Basic,Beauty,Yes,2024-01-09,1165.15
M00726,2023-05-26,India,Shopify,Home,Yes,2023-08-01,11280.04
M00727,2023-08-12,Canada,Basic,Electronics,Yes,2024-03-05,5935.46
M00728,2023-08-27,India,Advanced,Fashion,No,,33311.56
M00729,2023-06-26,Canada,Basic,Fashion,Yes,2023-09-28,9477.7
M00730,2023-10-09,Canada,Shopify,Fashion,No,,10238.27
M00731,2023-03-04,India,Basic,Fashion,No,,772.77
M00732,2023-08-05,US,Basic,Food,Yes,2023-09-04,3387.37
M00733,2024-11-19,India,Shopify,Fashion,No,,12829.49
M00734,2024-04-05,US,Shopify,Home,Yes,2025-03-11,14059.93
M00735,2024-09-01,Canada,Advanced,Fashion,No,,31658.27
M00736,2023-04-15,Canada,Basic,Beauty,No,,8804.07
M00737,2023-04-09,US,Basic,Fashion,Yes,2023-11-03,2885.14
M00738,2024-05-25,Canada,Shopify,Electronics,Yes,2024-10-27,6660.38
M00739,2024-01-20,US,Shopify,Home,No,,9881.4
M00740,2024-02-09,US,Basic,Home,No,,5614.9
M00741,2024-06-01,Canada,Basic,Food,Yes,2024-10-01,1664.8899999999999
M00742,2024-04-20,Australia,Basic,Beauty,No,,5226.45
M00743,2024-12-09,US,Advanced,Home,No,,42618.58
M00744,2024-10-06,India,Basic,Electronics,No,,5922.29
M00745,2024-03-12,India,Basic,Fashion,Yes,2025-01-23,3184.91
M00746,2023-01-23,Canada,Basic,Home,No,,4280.34
M00747,2024-07-18,Australia,Basic,Electronics,No,,3215.59
M00748,2024-11-07,Canada,Basic,Fashion,Yes,2025-08-13,8019.05
M00749,2024-12-14,Australia,Basic,Food,No,,6982.99
M00750,2024-04-02,US,Basic,Home,No,,8082.8099999999995
M00751,2023-03-24,US,Shopify,Home,No,,14455.98
M00752,2023-05-25,US,Basic,Electronics,Yes,2024-03-24,4238.5
M00753,2023-03-26,US,Basic,Beauty,No,,1398.04
M00754,2023-03-19,India,Advanced,Food,No,,18307.45
M00755,2024-04-01,India,Shopify,Beauty,No,,19698.9
M00756,2023-01-01,Canada,Basic,Home,Yes,2023-08-12,902.32
M00757,2023-02-20,Australia,Basic,Beauty,No,,3481.73
M00758,2024-11-15,US,Basic,Fashion,No,,1032.02
M00759,2024-12-17,US,Shopify,Food,No,,2924.59
M00760,2024-03-21,Australia,Advanced,Beauty,No,,43733.58
M00761,2024-03-24,Australia,Shopify,Fashion,No,,12647.2
M00762,2024-05-02,Canada,Shopify,Electronics,No,,13301.81
M00763,2023-02-03,Australia,Shopify,Beauty,No,,6148.06
M00764,2023-12-14,US,Basic,Food,No,,7573.54
M00765,2023-04-05,US,Basic,Fashion,Yes,2023-10-01,2838.4
M00766,2023-03-13,US,Shopify,Beauty,Yes,2024-03-03,10633.56
M00767,2024-07-04,US,Advanced,Electronics,No,,51049.17
M00768,2023-06-03,US,Basic,Beauty,Yes,2024-05-02,1616.16
M00769,2023-09-07,Canada,Shopify,Fashion,No,,947.83
M00770,2024-11-04,US,Basic,Beauty,Yes,2025-04-19,2454.0
M00771,2024-03-13,Canada,Basic,Food,No,,9173.04
M00772,2023-04-28,US,Basic,Home,No,,674.6
M00773,2023-11-02,India,Basic,Fashion,Yes,2024-09-01,8481.14
M00774,2023-09-25,India,Shopify,Fashion,No,,6767.36
M00775,2023-02-23,India,Basic,Fashion,No,,4503.72
M00776,2023-08-24,India,Shopify,Fashion,No,,6657.29
M00777,2024-01-24,Canada,Shopify,Beauty,Yes,2024-11-01,18682.36
M00778,2024-02-05,Canada,Advanced,Food,No,,6206.51
M00779,2024-09-15,Australia,Basic,Electronics,No,,9663.19
M00780,2023-10-30,US,Basic,Food,No,,2226.26
M00781,2023-07-26,India,Basic,Fashion,No,,1924.29
M00782,2023-08-17,Canada,Advanced,Beauty,No,,47183.02
M00783,2024-07-31,US,Advanced,Beauty,Yes,2025-01-12,51454.27
M00784,2023-03-16,US,Basic,Fashion,No,,4335.04
M00785,2024-03-10,Canada,Shopify,Beauty,No,,14983.84
M00786,2023-04-13,India,Basic,Fashion,Yes,2023-11-20,5151.05
M00787,2024-02-26,Australia,Shopify,Food,No,,6460.87
M00788,2024-12-04,US,Basic,Home,Yes,2025-08-30,2283.35
M00789,2023-11-02,Australia,Shopify,Beauty,No,,16770.28
M00790,2023-04-08,India,Basic,Fashion,No,,658.22
M00791,2023-12-01,India,Shopify,Fashion,Yes,2024-05-04,2449.93
M00792,2024-03-10,Australia,Shopify,Beauty,No,,16879.97
M00793,2024-03-22,India,Shopify,Electronics,No,,9176.18
M00794,2023-11-04,US,Basic,Fashion,No,,5759.83
M00795,2023-09-06,Australia,Basic,Beauty,Yes,2024-08-28,4023.05
M00796,2023-06-15,India,Basic,Fashion,Yes,2023-10-03,9589.71
M00797,2024-04-25,Australia,Basic,Electronics,No,,9706.76
M00798,2023-12-01,US,Basic,Home,Yes,2024-07-29,1636.91
M00799,2024-06-25,India,Advanced,Electronics,No,,13774.6
M00800,2023-04-16,US,Shopify,Food,No,,11662.23
M00801,2024-07-16,India,Basic,Beauty,Yes,2025-02-08,3334.18
M00802,2023-03-22,Canada,Basic,Electronics,No,,5905.63
M00803,2023-05-13,India,Basic,Home,Yes,2024-03-25,6169.32
M00804,2023-05-18,Australia,Shopify,Fashion,No,,3445.23
M00805,2023-07-03,India,Basic,Beauty,No,,7733.0
M00806,2024-02-05,US,Advanced,Electronics,No,,15991.0
M00807,2023-11-26,US,Basic,Home,Yes,2024-10-19,3592.46
M00808,2024-05-22,India,Advanced,Electronics,No,,29225.3
M00809,2023-03-10,Australia,Advanced,Food,No,,6610.77
M00810,2024-06-29,Canada,Basic,Beauty,No,,2668.15
M00811,2023-02-22,Australia,Advanced,Fashion,No,,12762.3
M00812,2024-03-25,Canada,Basic,Home,Yes,2024-08-04,8191.53
M00813,2023-07-24,US,Shopify,Electronics,No,,20122.27
M00814,2023-05-06,Australia,Basic,Beauty,No,,7585.73
M00815,2023-02-12,Canada,Advanced,Electronics,No,,8650.97
M00816,2023-04-21,India,Advanced,Beauty,No,,24972.11
M00817,2024-10-24,US,Shopify,Food,No,,13839.47
M00818,2023-07-02,India,Shopify,Electronics,No,,2941.64
M00819,2023-04-05,US,Basic,Food,Yes,2023-04-24,2761.89
M00820,2024-01-09,Australia,Basic,Home,No,,1173.1
M00821,2024-06-03,Australia,Basic,Food,No,,4716.8
M00822,2023-12-26,US,Basic,Beauty,Yes,2024-09-08,4835.95
M00823,2024-11-26,US,Shopify,Home,No,,17276.88
M00824,2023-10-08,US,Basic,Electronics,No,,7342.52
M00825,2023-07-14,Australia,Advanced,Electronics,No,,3831.54
M00826,2023-07-14,Canada,Shopify,Beauty,No,,14860.75
M00827,2024-10-28,India,Shopify,Fashion,No,,4138.79
M00828,2023-04-03,India,Basic,Fashion,Yes,2023-05-08,7865.73
M00829,2024-11-02,Australia,Advanced,Electronics,No,,18202.45
M00830,2023-03-02,India,Advanced,Beauty,No,,42116.99
M00831,2024-09-25,US,Basic,Fashion,No,,5485.09
M00832,2023-02-20,Canada,Shopify,Food,No,,1375.3600000000001
M00833,2024-02-07,India,Shopify,Electronics,Yes,2024-07-22,18805.57
M00834,2023-01-05,Canada,Basic,Food,No,,7971.16
M00835,2024-04-10,US,Basic,Beauty,No,,6733.75
M00836,2024-08-26,India,Basic,Food,No,,3727.96
M00837,2024-11-12,Australia,Basic,Fashion,No,,1732.1
M00838,2024-06-17,Canada,Basic,Fashion,No,,2926.01
M00839,2024-02-09,US,Basic,Home,No,,6066.15
M00840,2024-05-27,Canada,Basic,Electronics,No,,4397.76
M00841,2024-10-06,India,Basic,Beauty,No,,9793.89
M00842,2023-08-21,India,Advanced,Electronics,No,,14630.4
M00843,2024-06-07,Australia,Basic,Food,No,,4170.09
M00844,2023-12-12,US,Advanced,Beauty,No,,2763.15
M00845,2023-02-15,US,Basic,Beauty,No,,4097.96
M00846,2024-06-29,Australia,Basic,Fashion,Yes,2024-11-18,3721.96
M00847,2023-03-19,Australia,Basic,Food,No,,764.59
M00848,2024-12-30,US,Basic,Fashion,Yes,2025-05-17,2594.13
M00849,2023-03-14,Canada,Basic,Fashion,No,,4133.82
M00850,2023-09-06,Canada,Shopify,Home,No,,18036.85
M00851,2023-02-16,Australia,Basic,Fashion,No,,1333.22
M00852,2023-05-01,Canada,Shopify,Electronics,No,,16967.72
M00853,2023-08-02,US,Shopify,Beauty,Yes,2024-01-09,19283.18
M00854,2023-08-27,India,Basic,Fashion,No,,6590.7
M00855,2023-02-25,India,Basic,Electronics,No,,9263.56
M00856,2023-12-16,Canada,Shopify,Food,No,,17007.83
M00857,2023-04-17,Australia,Basic,Beauty,Yes,2024-02-02,7504.94
M00858,2023-02-17,Australia,Basic,Food,No,,7945.11
M00859,2024-07-26,Australia,Advanced,Electronics,No,,17348.91
M00860,2023-12-03,Australia,Basic,Food,No,,7318.21
M00861,2023-01-26,Australia,Shopify,Food,No,,4485.73
M00862,2023-09-14,Canada,Advanced,Food,No,,15424.54
M00863,2023-01-08,India,Basic,Fashion,No,,8012.34
M00864,2024-09-16,India,Basic,Fashion,No,,6290.05
M00865,2023-09-10,Canada,Basic,Fashion,No,,6530.72
M00866,2024-11-22,Australia,Basic,Beauty,Yes,2025-10-12,4440.44
M00867,2024-12-19,Canada,Basic,Electronics,No,,9405.72
M00868,2023-10-30,India,Shopify,Fashion,No,,16932.7
M00869,2024-09-30,US,Basic,Food,Yes,2025-03-15,7593.88
M00870,2023-02-25,Canada,Basic,Food,Yes,2023-06-30,5751.5
M00871,2024-12-26,Australia,Advanced,Food,No,,32788.49
M00872,2024-06-09,India,Shopify,Food,Yes,2024-10-17,15020.539999999999
M00873,2024-04-18,India,Shopify,Home,No,,16225.24
M00874,2023-01-28,India,Basic,Beauty,Yes,2023-08-18,6586.1
M00875,2023-03-19,India,Shopify,Electronics,No,,2156.33
M00876,2023-08-04,Australia,Basic,Electronics,Yes,2023-10-14,5182.24
M00877,2024-01-21,US,Basic,Fashion,Yes,2024-10-12,4696.02
M00878,2023-12-31,India,Basic,Home,No,,7089.85
M00879,2024-10-27,Canada,Advanced,Electronics,No,,6219.3
M00880,2024-06-09,US,Basic,Beauty,Yes,2024-11-20,6155.17
M00881,2024-11-29,India,Basic,Food,No,,2760.96
M00882,2023-11-08,US,Basic,Fashion,No,,4214.43
M00883,2023-01-07,Canada,Basic,Beauty,No,,7345.66
M00884,2023-01-03,India,Shopify,Electronics,No,,18652.08
M00885,2024-09-14,Canada,Shopify,Home,No,,5870.46
M00886,2023-12-29,Australia,Shopify,Fashion,No,,17533.6
M00887,2024-05-22,India,Basic,Electronics,No,,7295.92
M00888,2023-10-01,India,Basic,Fashion,Yes,2024-03-25,677.44
M00889,2024-05-20,India,Basic,Electronics,No,,6222.0
M00890,2023-01-15,India,Basic,Food,No,,637.26
M00891,2023-07-11,Australia,Basic,Home,No,,5050.57
M00892,2024-09-22,India,Shopify,Food,No,,3675.3
M00893,2024-04-29,US,Basic,Electronics,No,,9946.08
M00894,2023-01-28,India,Basic,Beauty,Yes,2023-06-11,5369.67
M00895,2024-12-14,Australia,Basic,Food,No,,5523.3
M00896,2023-02-08,India,Basic,Beauty,No,,694.54
M00897,2023-09-30,US,Basic,Electronics,No,,1700.32
M00898,2023-08-19,Australia,Advanced,Home,No,,41896.08
M00899,2023-03-27,Australia,Shopify,Beauty,No,,17558.13
M00900,2024-04-18,US,Advanced,Electronics,No,,24673.86
M00901,2023-05-06,US,Basic,Beauty,No,,5152.78
M00902,2024-06-20,US,Basic,Food,No,,4097.46
M00903,2023-05-25,US,Basic,Electronics,No,,1455.71
M00904,2024-06-08,US,Basic,Food,Yes,2024-08-31,4107.07
M00905,2023-07-31,Australia,Shopify,Fashion,No,,6031.65
M00906,2023-01-25,Australia,Basic,Electronics,No,,5497.59
M00907,2024-08-02,India,Basic,Beauty,No,,4587.64
M00908,2024-01-29,India,Basic,Fashion,No,,6307.83
M00909,2023-03-08,Canada,Basic,Food,No,,6684.33
M00910,2023-08-21,India,Shopify,Food,Yes,2023-12-12,9254.13
M00911,2023-04-19,India,Basic,Beauty,Yes,2023-10-17,7954.9800000000005
M00912,2023-05-26,US,Basic,Fashion,No,,6083.22
M00913,2023-04-21,US,Basic,Home,No,,2711.22
M00914,2023-08-16,India,Basic,Beauty,Yes,2024-06-23,8125.47
M00915,2023-04-21,Canada,Shopify,Food,Yes,2023-10-03,2372.96
M00916,2024-04-14,US,Advanced,Electronics,No,,22920.68
M00917,2023-02-03,India,Advanced,Fashion,No,,22859.95
M00918,2024-09-14,India,Shopify,Home,Yes,2025-08-20,7627.41
M00919,2024-01-04,Australia,Basic,Electronics,No,,7116.39
M00920,2024-08-17,Canada,Shopify,Fashion,No,,6691.12
M00921,2024-07-07,Australia,Basic,Beauty,Yes,2024-07-23,2749.08
M00922,2024-02-29,Canada,Basic,Beauty,No,,4839.65
M00923,2024-09-04,US,Shopify,Fashion,No,,19874.42
M00924,2024-06-01,Canada,Basic,Home,No,,1382.55
M00925,2024-11-22,India,Advanced,Fashion,No,,14651.89
M00926,2023-10-09,India,Basic,Electronics,No,,7753.6
M00927,2023-11-16,Canada,Shopify,Electronics,No,,14963.95
M00928,2024-03-18,Canada,Shopify,Beauty,No,,13646.33
M00929,2023-11-11,Canada,Advanced,Fashion,Yes,2024-04-25,42411.43
M00930,2024-01-12,Australia,Shopify,Beauty,No,,19020.58
M00931,2023-10-16,Canada,Shopify,Home,No,,10819.8
M00932,2024-03-12,US,Basic,Electronics,No,,2595.01
M00933,2024-10-23,Australia,Basic,Food,No,,2384.1
M00934,2023-10-04,Australia,Basic,Food,No,,7652.84
M00935,2024-12-10,Canada,Shopify,Fashion,No,,17071.85
M00936,2024-08-04,US,Basic,Fashion,No,,611.39
M00937,2024-05-17,Australia,Shopify,Food,No,,16265.69
M00938,2024-09-15,India,Basic,Fashion,No,,9245.68
M00939,2024-05-30,Australia,Basic,Electronics,Yes,2024-08-17,9761.69
M00940,2023-12-16,Canada,Shopify,Home,No,,10828.14
M00941,2024-03-21,US,Basic,Home,No,,2932.24
M00942,2023-12-16,Canada,Basic,Beauty,No,,9210.53
M00943,2024-08-29,India,Basic,Electronics,No,,7326.34
M00944,2024-10-25,India,Advanced,Fashion,Yes,2025-09-30,26042.35
M00945,2023-05-17,India,Shopify,Fashion,No,,1512.43
M00946,2023-08-31,Canada,Basic,Beauty,Yes,2023-11-22,6024.15
M00947,2024-06-26,Australia,Basic,Beauty,Yes,2024-11-08,9060.29
M00948,2023-02-09,Canada,Basic,Fashion,No,,4089.4
M00949,2023-08-17,US,Shopify,Fashion,No,,13271.81
M00950,2024-07-01,Australia,Shopify,Electronics,No,,18873.23
M00951,2023-08-11,India,Basic,Beauty,No,,6424.27
M00952,2023-01-06,Canada,Basic,Electronics,No,,4062.39
M00953,2023-11-18,India,Basic,Fashion,No,,8756.9
M00954,2024-04-12,India,Shopify,Food,Yes,2024-08-13,11812.78
M00955,2023-03-16,US,Shopify,Food,Yes,2024-02-09,4555.52
M00956,2023-01-04,Australia,Basic,Fashion,No,,2454.7
M00957,2024-10-07,US,Basic,Beauty,No,,8232.92
M00958,2023-04-28,US,Basic,Food,No,,6711.51
M00959,2024-08-28,US,Advanced,Beauty,Yes,2025-05-16,25156.03
M00960,2024-05-18,India,Basic,Food,No,,4711.66
M00961,2024-07-27,US,Shopify,Beauty,No,,16439.75
M00962,2024-03-16,US,Shopify,Food,No,,1716.41
M00963,2023-07-13,Australia,Basic,Beauty,No,,2276.61
M00964,2024-12-15,Australia,Basic,Electronics,Yes,2025-04-01,7318.9
M00965,2024-01-27,US,Basic,Beauty,Yes,2024-11-04,6391.24
M00966,2023-01-26,Australia,Shopify,Electronics,No,,6062.41
M00967,2024-03-10,Australia,Shopify,Electronics,No,,17868.39
M00968,2023-06-22,US,Shopify,Fashion,Yes,2023-10-17,10615.14
M00969,2023-10-27,India,Basic,Electronics,No,,1256.44
M00970,2024-10-06,US,Basic,Home,Yes,2025-02-09,8873.8
M00971,2023-11-22,Australia,Advanced,Electronics,Yes,2024-10-22,40650.23
M00972,2024-02-14,India,Shopify,Beauty,No,,5784.5
M00973,2023-04-28,Canada,Basic,Electronics,Yes,2024-03-11,4826.47
M00974,2024-12-24,India,Advanced,Beauty,No,,27705.44
M00975,2023-08-13,Australia,Shopify,Beauty,No,,14512.19
M00976,2024-06-15,India,Shopify,Home,Yes,2025-06-08,17704.46
M00977,2023-04-23,US,Shopify,Electronics,Yes,2023-07-08,20128.24
M00978,2023-05-20,Canada,Shopify,Electronics,No,,17907.48
M00979,2024-07-12,Canada,Shopify,Food,Yes,2025-05-22,15568.11
M00980,2023-01-01,Canada,Basic,Food,No,,1130.96
M00981,2023-03-31,Australia,Basic,Fashion,Yes,2023-08-28,5873.81
M00982,2024-10-15,Australia,Advanced,Beauty,No,,29403.63
M00983,2023-11-16,Canada,Basic,Home,Yes,2024-01-24,8257.87
M00984,2024-07-03,India,Basic,Food,Yes,2024-11-02,6986.13
M00985,2023-05-19,Canada,Basic,Electronics,Yes,2024-03-31,7665.01
M00986,2024-05-25,India,Basic,Fashion,Yes,2025-02-21,9367.41
M00987,2023-09-16,India,Shopify,Home,No,,1628.52
M00988,2024-11-03,Australia,Advanced,Electronics,No,,18301.32
M00989,2024-11-20,India,Basic,Electronics,Yes,2025-08-14,2025.14
M00990,2023-01-10,Canada,Basic,Beauty,Yes,2023-09-03,5205.95
M00991,2023-09-18,Australia,Basic,Beauty,No,,3188.37
M00992,2024-10-11,US,Advanced,Food,No,,46388.6
M00993,2023-06-21,US,Shopify,Food,No,,6290.51
M00994,2023-01-13,Australia,Basic,Electronics,No,,8753.2
M00995,2023-06-17,Canada,Shopify,Electronics,No,,10382.56
M00996,2024-10-03,US,Advanced,Food,No,,27500.13
M00997,2024-08-18,US,Shopify,Food,No,,8877.78
M00998,2023-11-17,India,Advanced,Electronics,No,,9780.75
M00999,2023-11-15,India,Basic,Home,Yes,2024-05-14,1431.14
M01000,2024-09-04,Canada,Shopify,Electronics,No,,1028.56
M01001,2023-11-25,Australia,Basic,Home,Yes,2024-05-17,3517.63
M01002,2024-07-03,Canada,Shopify,Home,No,,2014.78
M01003,2024-02-23,Australia,Shopify,Electronics,No,,5239.14
M01004,2024-08-28,US,Shopify,Fashion,No,,1605.55
M01005,2023-04-05,India,Shopify,Food,Yes,2023-10-02,15329.09
M01006,2024-08-03,Canada,Basic,Beauty,No,,3050.91
M01007,2023-11-14,Canada,Basic,Electronics,No,,3174.91
M01008,2023-08-24,Australia,Advanced,Home,No,,49988.45
M01009,2023-11-30,Australia,Advanced,Electronics,No,,39361.48
M01010,2024-01-11,Canada,Basic,Food,No,,5592.72
M01011,2024-04-03,Australia,Basic,Home,No,,1534.02
M01012,2023-05-17,Canada,Basic,Beauty,No,,982.96
M01013,2024-08-10,Canada,Shopify,Beauty,No,,15874.52
M01014,2024-06-30,Canada,Shopify,Beauty,No,,1050.2
M01015,2024-05-27,US,Basic,Fashion,No,,5019.04
M01016,2023-10-23,Australia,Basic,Home,No,,3812.44
M01017,2023-11-16,India,Shopify,Home,No,,8234.37
M01018,2024-07-25,India,Shopify,Fashion,No,,13839.869999999999
M01019,2023-12-15,Australia,Basic,Home,Yes,2024-07-21,4069.11
M01020,2023-08-17,Canada,Shopify,Fashion,No,,10133.82
M01021,2023-09-27,India,Basic,Electronics,No,,4295.52
M01022,2023-10-18,India,Basic,Food,No,,6266.45
M01023,2024-12-25,Australia,Shopify,Beauty,No,,1971.59
M01024,2023-06-14,India,Shopify,Fashion,Yes,2024-03-21,17679.07
M01025,2023-01-05,Canada,Advanced,Fashion,No,,33565.83
M01026,2024-01-14,Australia,Shopify,Fashion,No,,11803.12
M01027,2023-03-19,Canada,Shopify,Electronics,Yes,2023-08-18,15900.74
M01028,2024-02-14,India,Basic,Fashion,No,,6268.69
M01029,2024-07-27,India,Basic,Food,Yes,2025-04-15,9525.01
M01030,2023-05-12,Canada,Basic,Food,No,,6576.47
M01031,2024-08-23,US,Basic,Beauty,No,,5024.98
M01032,2023-02-11,India,Shopify,Electronics,No,,2730.91
M01033,2023-03-30,US,Advanced,Food,No,,6658.68
M01034,2024-02-06,India,Basic,Home,Yes,2024-04-15,4235.3099999999995
M01035,2023-10-23,US,Basic,Home,Yes,2024-06-02,8117.97
M01036,2023-10-22,US,Shopify,Home,No,,11478.23
M01037,2024-09-07,US,Basic,Fashion,No,,5957.17
M01038,2024-06-09,Canada,Shopify,Fashion,No,,2951.08
M01039,2024-11-21,US,Shopify,Home,No,,16139.58
M01040,2024-09-28,US,Shopify,Beauty,Yes,2024-10-29,13487.76
M01041,2024-02-26,US,Basic,Beauty,No,,3640.27
M01042,2023-01-23,India,Basic,Fashion,No,,8659.3
M01043,2024-07-28,US,Shopify,Home,Yes,2024-10-18,14735.25
M01044,2023-05-23,India,Shopify,Beauty,Yes,2023-10-17,5901.22
M01045,2024-10-26,US,Basic,Fashion,Yes,2025-05-16,5052.11
M01046,2023-05-25,US,Shopify,Home,Yes,2024-04-11,4863.49
M01047,2023-08-13,Canada,Basic,Electronics,No,,6988.81
M01048,2024-05-17,India,Shopify,Home,Yes,2024-10-16,3019.08
M01049,2024-09-07,US,Basic,Home,Yes,2025-03-14,1273.74
M01050,2023-04-14,India,Advanced,Food,No,,32483.25
M01051,2023-02-08,India,Basic,Food,No,,8858.0
M01052,2023-07-17,Australia,Basic,Electronics,No,,3955.6
M01053,2024-10-07,Canada,Basic,Electronics,Yes,2025-01-26,9323.97
M01054,2024-08-01,Canada,Basic,Home,Yes,2025-02-02,5623.81
M01055,2024-01-26,Canada,Advanced,Beauty,No,,16665.37
M01056,2023-06-28,Australia,Advanced,Electronics,No,,3202.69
M01057,2024-07-07,Australia,Basic,Home,Yes,2024-12-22,3879.16
M01058,2024-03-23,Canada,Basic,Fashion,No,,9587.6
M01059,2024-05-14,Australia,Shopify,Food,No,,19880.59
M01060,2023-01-15,Australia,Advanced,Beauty,No,,38564.69
M01061,2024-09-14,Australia,Shopify,Home,Yes,2025-03-30,2967.76
M01062,2024-10-30,Canada,Basic,Fashion,No,,9328.5
M01063,2023-10-16,Canada,Basic,Food,No,,8225.19
M01064,2024-04-22,Canada,Shopify,Fashion,Yes,2025-01-03,7173.93
M01065,2023-08-19,Australia,Basic,Home,No,,4528.2
M01066,2024-02-24,Canada,Shopify,Electronics,Yes,2025-01-07,1382.01
M01067,2023-06-06,Australia,Basic,Food,Yes,2024-03-31,1819.72
M01068,2024-07-03,US,Shopify,Fashion,No,,18702.91
M01069,2024-03-16,Australia,Basic,Electronics,No,,2438.72
M01070,2023-04-07,India,Shopify,Beauty,No,,8964.99
M01071,2024-02-15,Canada,Basic,Home,No,,4673.04
M01072,2023-10-16,Canada,Shopify,Home,Yes,2023-11-26,8861.7
M01073,2023-09-11,India,Basic,Food,No,,1098.81
M01074,2023-07-15,Australia,Shopify,Fashion,No,,4526.01
M01075,2024-08-20,US,Shopify,Beauty,No,,1979.42
M01076,2024-06-05,India,Shopify,Food,No,,15422.8
M01077,2024-05-31,India,Shopify,Food,Yes,2024-08-13,2385.17
M01078,2024-09-26,Australia,Shopify,Fashion,No,,14622.13
M01079,2023-04-28,Canada,Shopify,Beauty,No,,14546.43
M01080,2023-06-08,Australia,Basic,Fashion,No,,3750.32
M01081,2023-08-16,India,Shopify,Home,No,,10556.3
M01082,2023-08-04,India,Basic,Electronics,No,,6778.4
M01083,2024-11-26,Canada,Basic,Home,No,,1029.42
M01084,2023-01-15,Canada,Basic,Home,No,,7940.7699999999995
M01085,2023-06-06,Canada,Basic,Food,Yes,2024-01-08,5605.11
M01086,2024-10-09,Australia,Shopify,Home,No,,7828.9
M01087,2023-09-18,Canada,Shopify,Beauty,No,,2556.66
M01088,2023-06-06,India,Shopify,Home,Yes,2024-02-25,6003.38
M01089,2023-02-16,India,Basic,Beauty,Yes,2023-05-10,7993.43
M01090,2023-11-20,US,Basic,Fashion,No,,6724.8099999999995
M01091,2024-11-15,Australia,Basic,Food,No,,2184.38
M01092,2023-05-10,US,Basic,Beauty,No,,3259.22
M01093,2024-02-15,India,Basic,Home,Yes,2024-03-21,5026.43
M01094,2023-04-05,US,Basic,Food,No,,6582.26
M01095,2024-09-18,India,Basic,Food,Yes,2025-03-03,4251.51
M01096,2023-10-19,US,Shopify,Beauty,No,,17631.44
M01097,2023-10-10,Canada,Shopify,Beauty,No,,15629.95
M01098,2023-03-10,US,Advanced,Electronics,No,,19827.13
M01099,2024-10-21,Canada,Advanced,Electronics,No,,39955.36
M01100,2023-01-11,Canada,Shopify,Food,No,,16697.98
M01101,2023-09-11,Australia,Basic,Electronics,No,,7336.94
M01102,2024-07-03,Canada,Shopify,Home,No,,4624.97
M01103,2023-05-14,Canada,Shopify,Fashion,No,,6680.82
M01104,2024-12-12,US,Basic,Food,No,,9084.63
M01105,2023-01-23,India,Basic,Fashion,Yes,2023-05-19,7135.62
M01106,2023-12-12,Australia,Shopify,Electronics,Yes,2024-03-30,17922.06
M01107,2023-10-29,Canada,Basic,Beauty,Yes,2024-06-28,1924.2
M01108,2023-12-29,Australia,Shopify,Food,No,,14738.45
M01109,2024-01-31,US,Shopify,Electronics,No,,2952.23
M01110,2023-08-06,Canada,Basic,Home,Yes,2023-12-23,9796.66
M01111,2023-05-21,US,Basic,Food,No,,2758.77
M01112,2024-09-07,Australia,Basic,Food,No,,2206.31
M01113,2023-07-29,US,Basic,Beauty,No,,4232.35
M01114,2024-09-14,Australia,Basic,Food,No,,2979.2
M01115,2024-09-07,US,Shopify,Beauty,No,,19118.56
M01116,2024-11-13,Australia,Basic,Electronics,Yes,2025-08-12,9210.68
M01117,2024-04-04,India,Basic,Home,Yes,2025-03-06,2843.69
M01118,2023-12-22,US,Basic,Home,No,,8236.08
M01119,2023-11-20,US,Advanced,Food,No,,50966.26
M01120,2023-05-13,India,Basic,Food,Yes,2024-01-18,4220.74
M01121,2023-05-07,India,Basic,Electronics,No,,7846.13
M01122,2023-04-16,US,Advanced,Beauty,No,,22816.87
M01123,2024-08-26,India,Shopify,Home,No,,16580.22
M01124,2024-01-13,Canada,Basic,Beauty,Yes,2024-07-07,3270.0
M01125,2023-02-20,Australia,Shopify,Electronics,No,,15098.15
M01126,2023-01-29,Australia,Basic,Home,Yes,2023-03-26,9941.96
M01127,2024-04-06,Australia,Basic,Home,Yes,2025-01-21,6709.14
M01128,2023-10-23,Canada,Basic,Fashion,No,,9244.3
M01129,2023-10-24,India,Basic,Electronics,No,,6865.47
M01130,2024-12-26,India,Shopify,Electronics,No,,19414.79
M01131,2024-02-11,US,Basic,Fashion,No,,8961.18
M01132,2024-09-04,India,Basic,Beauty,Yes,2024-11-25,2186.13
M01133,2024-02-09,US,Shopify,Fashion,No,,8315.87
M01134,2023-12-12,Canada,Shopify,Electronics,No,,1627.8
M01135,2024-09-13,Australia,Basic,Beauty,No,,1248.1
M01136,2024-02-24,Australia,Shopify,Home,Yes,2024-08-29,6179.13
M01137,2023-07-01,Australia,Basic,Fashion,No,,4466.35
M01138,2023-01-01,India,Shopify,Beauty,No,,16155.88
M01139,2024-07-20,US,Shopify,Beauty,No,,15852.960000000001
M01140,2024-01-06,US,Advanced,Beauty,No,,22597.37
M01141,2024-10-22,Canada,Basic,Fashion,Yes,2025-10-02,6688.4800000000005
M01142,2024-03-06,India,Basic,Home,No,,1406.22
M01143,2023-11-05,Canada,Basic,Beauty,No,,9208.56
M01144,2023-05-17,US,Basic,Fashion,No,,5054.43
M01145,2023-07-21,US,Basic,Electronics,No,,5895.67
M01146,2024-03-11,Australia,Advanced,Fashion,Yes,2024-07-28,37712.67
M01147,2023-11-09,India,Basic,Fashion,No,,4109.45
M01148,2023-04-27,US,Basic,Fashion,No,,8700.3
M01149,2024-10-27,Australia,Shopify,Beauty,Yes,2025-04-29,9468.18
M01150,2024-07-28,India,Basic,Fashion,No,,1426.86
M01151,2023-09-01,Canada,Shopify,Electronics,No,,16636.21
M01152,2024-06-20,India,Basic,Beauty,Yes,2024-08-20,3658.02
M01153,2024-08-24,India,Basic,Electronics,Yes,2025-05-26,1724.41
M01154,2023-03-16,US,Basic,Food,Yes,2023-11-02,3147.43
M01155,2024-01-21,US,Basic,Fashion,No,,910.9000000000001
M01156,2023-07-29,India,Advanced,Beauty,No,,28289.89
M01157,2024-04-19,US,Basic,Beauty,No,,3852.11
M01158,2024-02-22,US,Basic,Fashion,No,,771.52
M01159,2023-12-13,US,Basic,Home,No,,2688.12
M01160,2024-06-12,Australia,Basic,Home,No,,4604.04
M01161,2024-10-01,Australia,Advanced,Electronics,Yes,2025-08-16,47653.05
M01162,2023-06-28,India,Basic,Fashion,No,,930.6899999999999
M01163,2023-07-01,US,Shopify,Fashion,No,,13971.62
M01164,2024-10-25,Australia,Advanced,Food,No,,6894.79
M01165,2023-01-25,India,Shopify,Home,No,,15083.02
M01166,2023-06-29,US,Advanced,Home,No,,45710.659999999996
M01167,2024-12-10,Canada,Basic,Fashion,No,,2089.28
M01168,2024-05-15,US,Basic,Electronics,Yes,2024-09-30,6889.35
M01169,2023-06-10,US,Basic,Fashion,No,,7151.42
M01170,2023-06-26,Australia,Shopify,Electronics,Yes,2024-04-28,8185.84
M01171,2023-10-12,India,Advanced,Home,No,,31318.76
M01172,2023-03-04,India,Basic,Food,Yes,2023-08-27,9067.3
M01173,2024-10-23,Australia,Shopify,Beauty,Yes,2025-05-26,14276.9
M01174,2024-10-27,US,Basic,Home,Yes,2025-08-12,9100.21
M01175,2023-06-05,Canada,Shopify,Electronics,No,,13957.98
M01176,2024-04-13,US,Basic,Fashion,Yes,2024-11-19,9314.6
M01177,2023-02-18,US,Advanced,Home,No,,48793.03
M01178,2023-03-25,Canada,Shopify,Food,No,,1112.58
M01179,2023-12-27,Australia,Basic,Electronics,Yes,2024-02-19,3915.29
M01180,2024-11-19,India,Basic,Fashion,Yes,2025-09-02,9660.22
M01181,2023-05-28,Australia,Basic,Beauty,No,,9932.61
M01182,2024-09-21,Australia,Basic,Electronics,No,,10136.12
M01183,2023-12-08,US,Basic,Fashion,No,,7557.32
M01184,2024-04-20,India,Advanced,Beauty,No,,10999.3
M01185,2023-03-04,India,Shopify,Fashion,No,,5190.2
M01186,2024-12-01,Australia,Basic,Beauty,Yes,2025-06-21,3794.25
M01187,2023-12-26,Canada,Basic,Beauty,Yes,2024-04-11,2326.1
M01188,2024-07-14,Australia,Advanced,Beauty,No,,6047.0
M01189,2023-11-23,Canada,Shopify,Fashion,No,,8960.53
M01190,2023-05-21,India,Basic,Beauty,No,,5328.19
M01191,2023-08-03,Australia,Shopify,Electronics,Yes,2023-09-28,1739.9
M01192,2024-03-10,US,Basic,Food,Yes,2024-07-09,1106.94
M01193,2024-12-23,Australia,Basic,Food,Yes,2025-11-30,3594.49
M01194,2023-11-14,India,Basic,Beauty,No,,8337.33
M01195,2023-02-01,US,Basic,Food,Yes,2023-04-21,2533.81
M01196,2024-10-31,US,Basic,Food,No,,3962.72
M01197,2023-10-12,Canada,Advanced,Beauty,No,,38941.41
M01198,2023-11-01,US,Shopify,Beauty,No,,13889.77
M01199,2024-03-04,US,Shopify,Electronics,No,,1518.49
M01200,2024-04-21,Australia,Basic,Home,No,,546.29
